RANK,Player,TEAM,POS,AGE,GP,MPG,MIN%Minutes PercentagePercentage of team minutes used by a player while he was on the floor,"USG%Usage RateUsage rate, a.k.a., usage percentage is an estimate of the percentage of team plays used by a player while he was on the floor",TO%Turnover RateA metric that estimates the number of turnovers a player commits per 100 possessions,FTA,FT%,2PA,2P%,3PA,3P%,FG%,"TS%True Shooting PercentageTrue shooting percentage is a measure of shooting efficiency that takes into account field goals, 3-point field goals, and free throws.",PPG,RPGReboundsRebounds per game.,TRB%Total Rebound PercentageTotal rebound percentage is estimated percentage of available rebounds grabbed by the player while the player is on the court.,APGAssistsAssists per game.,AST%Assist PercentageAssist percentage is an estimated percentage of teammate field goals a player assisted while the player is on the court,SPGStealsSteals per game.,BPGBlocksBlocks per game.,TOPGTurnoversTurnovers per game.,"VIVersatility IndexVersatility index is a metric that measures a player’s ability to produce in points, assists, and rebounds. The average player will score around a five on the index, while top players score above 10",ORTGOffensive RatingIndividual offensive rating is the number of points produced by a player per 100 total individual possessions.,DRTGDefensive RatingIndividual defensive rating estimates how many points the player allowed per 100 possessions he individually faced while staying on the court.
,Steven Adams,Okc,C,26.55,45,26.7,55.7,17,14.2,143,0.58,334,0.599,1,0,0.597,0.607,10.7,9.2,19.1,2.6,14.7,0.67,1.11,1.47,9.5,123.9,101.9
,Bam Adebayo,Mia,C-F,22.55,50,34.7,72.2,19.8,17.3,260,0.688,519,0.59,11,0.091,0.58,0.616,15.9,10.5,16.9,4.9,22.1,1.22,1.14,2.7,10.8,119.2,101.7
,LaMarcus Aldridge,San,F-C,34.55,46,33,68.7,22.8,7.6,165,0.842,540,0.524,126,0.421,0.544,0.585,18.8,7.4,12,2.4,11.1,0.59,1.67,1.33,8.4,117.5,108.1
,Nickeil Alexander-Walker,Nor,G,21.43,39,12.7,26.4,22.9,13.8,28,0.607,108,0.343,117,0.342,0.431,0.445,5.4,2,8.3,1.9,20.8,0.28,0.18,0.97,8.6,91.6,107.6
,Grayson Allen,Mem,G,24.33,30,16.6,34.6,18,10.7,35,0.857,85,0.541,91,0.363,0.543,0.577,7.4,2.2,7.1,1.4,11.7,0.23,0.03,0.77,6.8,110.2,110
,Jarrett Allen,Bro,C,21.8,50,27,56.3,14.9,12,194,0.629,335,0.654,5,0,0.644,0.658,11.2,9.7,18.5,1.4,7.9,0.64,1.48,1.16,7.9,129.1,99.4
,Kadeem Allen,Nyk,G,27.06,10,11.7,24.4,20.6,14.1,11,0.636,28,0.5,16,0.313,0.489,0.512,5,0.9,4,2.1,27.5,0.5,0.2,0.8,7.2,105.4,111.7
,Al-Farouq Aminu,Orl,F,29.38,18,21.1,44,13.3,14.7,29,0.655,50,0.32,36,0.25,0.343,0.395,4.3,4.9,12.3,1.2,7.6,1,0.44,0.94,5.6,87.6,101.8
,Justin Anderson,Bro,F-G,26.21,3,5.6,11.7,17,0,2,0.5,3,0.333,3,0,0.167,0.218,1,0.7,6.1,0,0,0,0.33,0,0,50,101.4
,Kyle Anderson,Mem,F-G,26.38,45,17.4,36.3,13.6,15,52,0.635,154,0.552,39,0.205,0.503,0.526,5,3.9,12,2.2,15.9,0.73,0.51,0.84,8,109.5,105.5
,Ryan Anderson,Hou,F,31.75,2,7,14.6,23.4,12.5,0,0,2,0.5,5,0.2,0.357,0.357,2.5,3.5,25.9,1,20,0.5,0,0.5,11.8,78.6,94.2
,Giannis Antetokounmpo,Mil,F,25.17,46,30.7,64,37.9,12.9,480,0.608,695,0.63,226,0.319,0.593,0.611,30.1,13.2,21.2,5.8,33.8,1.13,1.07,3.65,17.2,116.6,89.8
,Kostas Antetokounmpo,Lal,F,22.21,3,1.7,3.5,0,,0,0,0,0,0,0,,,0,0.3,10.7,0.3,22,0,0,0,0,,
,Thanasis Antetokounmpo,Mil,F,27.55,15,4.1,8.5,21.6,15.6,9,0.444,20,0.65,3,0,0.565,0.556,2,0.5,5.7,0.4,14,0.13,0.07,0.33,7.2,107.2,93.9
,Carmelo Anthony,Por,F,35.69,35,32.3,67.3,22.1,10.4,96,0.844,353,0.445,133,0.361,0.471,0.51,15.4,6.5,10.3,1.5,6.9,0.89,0.51,1.74,6.6,101,106.8
,OG Anunoby,Tor,F,22.56,50,29,60.4,14.8,12.2,57,0.649,242,0.579,171,0.363,0.564,0.574,10.1,5.4,9.8,1.6,7.8,1.08,0.66,1.22,6.1,108.8,100.2
,Ryan Arcidiacono,Chi,G,25.87,48,14.6,30.5,12.3,11.9,28,0.714,62,0.387,103,0.398,0.518,0.539,4,1.6,6,1.5,14.6,0.38,0.06,0.5,5.8,111.2,103.4
,Trevor Ariza,Sac,F,34.6,32,24.7,51.5,11.3,13.7,27,0.778,43,0.488,122,0.352,0.518,0.543,6,4.6,10.4,1.6,8.5,1.09,0.25,0.88,5.7,107.6,105.5
,D.J. Augustin,Orl,G,32.24,39,26,54.1,18.8,12.4,130,0.877,190,0.426,136,0.346,0.465,0.544,10.7,2.4,5,4.7,27.3,0.67,0.03,1.38,7.6,114,108.6
,Deandre Ayton,Pho,C,21.54,21,33.1,68.9,23.7,9.3,52,0.788,328,0.534,1,0,0.532,0.556,18.6,12,19.9,2.1,10.6,0.67,1.62,1.71,9.4,111.8,102.9
,Dwayne Bacon,Cha,G-F,24.44,38,17.7,36.9,19.5,12,53,0.66,174,0.379,67,0.284,0.392,0.424,5.9,2.5,7.7,1.3,11.7,0.61,0.05,0.95,6,86.8,108.4
,Marvin Bagley III,Sac,F,20.9,13,25.7,53.5,25.9,9.1,31,0.806,145,0.51,22,0.182,0.479,0.512,14.2,7.5,16.4,0.8,5.1,0.46,0.92,1.38,6.8,102.1,100.2
,Lonzo Ball,Nor,G,22.28,43,31.7,66,19.1,19.7,52,0.558,205,0.434,281,0.359,0.495,0.501,11.9,6.2,10.2,6.6,28.5,1.3,0.42,2.91,9.9,101.7,109.2
,Mo Bamba,Orl,C,21.74,47,15,31.3,16.9,13.5,30,0.667,142,0.542,82,0.341,0.531,0.544,5.5,5.1,17.9,0.6,6.6,0.36,1.4,0.79,6.8,106.5,95.7
,J.J. Barea,Dal,G,35.61,16,15.5,32.2,25.1,13.8,10,1,73,0.452,48,0.458,0.545,0.566,8.9,1.9,6.5,3.6,36.4,0.19,0.06,1.25,10.2,116.8,111.7
,Harrison Barnes,Sac,F,27.69,50,34.8,72.5,17.7,8.5,203,0.793,376,0.492,181,0.348,0.502,0.557,14.4,4.8,7.8,2.1,9,0.58,0.16,1.2,6,113,113.8
,RJ Barrett,Nyk,F-G,19.64,41,31.2,65.1,23.3,12.8,184,0.603,391,0.417,143,0.329,0.437,0.47,14.1,5.3,8.9,2.5,12.1,1,0.39,2.2,7.3,93.3,109
,Will Barton,Den,G,29.08,48,33.3,69.3,19.9,9.1,115,0.765,390,0.485,228,0.382,0.517,0.544,15.1,6.5,10.7,3.7,16.4,1.1,0.5,1.4,8.6,113,105.2
,Keita Bates-Diop,Min,F,24.04,37,17.5,36.4,15.9,5.6,65,0.708,112,0.5,94,0.33,0.498,0.535,6.8,3,8.9,0.8,6.8,0.46,0.54,0.38,5.8,111.4,109.7
,Nicolas Batum,Cha,G-F,31.14,22,23,47.8,9.3,20.5,10,0.9,32,0.438,49,0.286,0.432,0.463,3.6,4.5,10.7,3,17.9,0.77,0.36,1,6.3,105.4,107.1
,Aron Baynes,Pho,C-F,33.16,33,22.9,47.7,20.5,10.7,61,0.721,173,0.601,126,0.333,0.559,0.58,11.5,5.8,14,1.9,12.5,0.18,0.58,1.18,8.8,113.5,98.7
,Kent Bazemore,Por,G-F,30.6,43,25.8,53.8,15.9,14.4,72,0.806,155,0.368,171,0.327,0.433,0.475,7.9,4,8,1.4,7.2,1.05,0.72,1.4,5.5,91.7,104.9
,Darius Bazley,Okc,F-G,19.65,51,17.5,36.4,14.2,13.9,45,0.689,127,0.441,100,0.3,0.445,0.472,4.6,3.8,12,0.6,4.4,0.37,0.69,0.78,5,89.7,104.9
,Bradley Beal,Was,G,26.61,42,35.6,74.1,33.2,11.4,339,0.847,581,0.528,331,0.326,0.514,0.577,29.2,4.5,6.9,6.3,29.2,1.02,0.38,3.24,10.6,114.1,115.5
,Malik Beasley,Den,G,23.19,41,18.2,37.9,20.4,10.2,38,0.868,140,0.421,161,0.36,0.485,0.511,7.9,1.9,5.7,1.2,9.2,0.76,0.15,0.88,5.8,99.7,105.7
,Marco Belinelli,San,G,33.87,44,15.3,31.8,17,5.3,41,0.78,107,0.402,126,0.365,0.481,0.51,5.8,1.7,5.9,1.3,11.7,0.18,0,0.32,6.1,106.8,112.4
,Jordan Bell,Min,F,25.08,27,8.7,18.1,16,19.8,29,0.586,51,0.588,9,0.222,0.55,0.57,3.1,2.9,17.6,0.5,8.8,0.07,0.37,0.67,7.6,107.3,106.9
,DeAndre' Bembry,Atl,G-F,25.59,43,21.3,44.4,14,19.4,48,0.542,163,0.546,65,0.231,0.489,0.5,5.8,3.5,8.9,1.9,12.4,1.28,0.44,1.4,6.3,94.5,107.3
,Dragan Bender,Mil,F,22.22,7,13,27,12.4,18.3,3,0.667,12,0.5,9,0.444,0.571,0.582,3.7,2.9,10.9,1.3,12.3,0,0.71,0.71,7.4,105,87.7
,Davis Bertans,Was,F,27.23,40,29.3,61.1,18.2,7.4,79,0.873,107,0.458,336,0.429,0.598,0.627,15,4.6,8.6,1.8,8.5,0.73,0.68,0.95,6.8,122.1,112.3
,Patrick Beverley,Lac,G,31.57,40,28,58.4,13.3,14.9,38,0.632,115,0.53,176,0.364,0.54,0.549,8.5,5.8,10.6,4,18.9,1.23,0.63,1.35,8.3,114.6,97.4
,Khem Birch,Orl,C,27.35,36,20.8,43.3,9.2,13.9,65,0.6,107,0.486,1,0,0.481,0.523,4,4.8,12.2,1,6.5,0.44,0.56,0.61,5.1,114.3,102
,Goga Bitadze,Ind,C-F,20.55,40,8.9,18.6,17,14.5,29,0.69,81,0.568,24,0.167,0.495,0.526,3.1,2.1,13,0.5,7.3,0.05,0.68,0.5,6.7,101.1,97.1
,Bismack Biyombo,Cha,C,27.44,43,19.1,39.8,17.1,12.1,118,0.619,231,0.537,0,0,0.537,0.567,7.5,5.9,16.7,0.8,7,0.21,0.84,0.91,6.9,114.5,103.6
,Nemanja Bjelica,Sac,F,31.74,50,28.2,58.8,17.8,12.5,56,0.857,251,0.526,229,0.432,0.584,0.603,12.2,6.3,12.6,2.7,14.5,0.88,0.6,1.44,8.4,117.9,102.9
,Eric Bledsoe,Mil,G,30.16,42,26.7,55.7,24,14.4,143,0.825,346,0.538,150,0.347,0.532,0.578,15.4,4.7,8.6,5.2,27.9,0.88,0.5,2.24,10.8,114.1,97.6
,Bojan Bogdanovic,Uta,F,30.8,49,33.2,69.2,26.3,13.3,216,0.903,379,0.475,373,0.426,0.557,0.609,21.1,4.1,6.7,2.1,10,0.57,0.12,2.65,6.8,110.7,106.8
,Bogdan Bogdanovic,Sac,G,27.47,39,28.1,58.5,23.1,12.4,78,0.692,204,0.515,270,0.378,0.544,0.561,14.6,3.1,6.2,3.3,18.2,0.92,0.23,1.85,7.6,107.2,108.5
,Jonah Bolden,Phi,F,24.09,4,3.6,7.4,17.8,34,2,0,2,1,1,0,0.667,0.515,1,0.3,3.9,0,0,0.25,0,0.5,0,,
,Marques Bolden,Cle,C,21.81,1,2.8,5.8,0,,0,0,0,0,0,0,,,0,2,39.6,0,0,1,0,0,0,,
,Jordan Bone,Det,G,22.25,7,3.7,7.7,23.4,14.3,0,0,8,0.25,4,0,0.167,0.167,0.6,0.1,2.2,0.6,20.6,0,0,0.29,3.6,,
,Isaac Bonga,Was,G,20.25,44,17.6,36.7,10.2,15.7,51,0.765,103,0.592,36,0.389,0.59,0.629,4.6,3.3,10.2,1.1,7.7,0.66,0.32,0.68,5.8,122.3,106.7
,Devin Booker,Pho,G,23.27,48,36.1,75.1,29.6,15.7,344,0.916,612,0.565,254,0.362,0.559,0.631,26.7,4.1,6.2,6.3,29.5,0.73,0.23,3.94,9.8,115.4,107.2
,Chris Boucher,Tor,F-C,27.07,43,13,27.2,19.9,6.5,84,0.762,132,0.568,74,0.284,0.517,0.57,6.4,4.4,17.8,0.4,5.1,0.4,0.91,0.4,6.9,122.6,93
,Brian Bowen II,Ind,F-G,21.35,3,3.2,6.7,18.2,0,0,0,3,0.333,1,0,0.25,0.25,0.7,0.3,5.7,0,0,0,0.33,0,0,,
,Ky Bowman,Gol,G,22.64,37,22.3,46.5,16.8,15,29,0.828,174,0.443,90,0.344,0.468,0.49,7.3,2.5,6,2.8,19.2,1,0.14,1.32,6.7,97,106.7
,Avery Bradley,Lal,G,29.2,35,22.9,47.6,15.9,11.6,14,0.786,161,0.528,99,0.313,0.506,0.515,7.8,2.3,5.5,1.1,6.2,0.8,0.09,1,4.7,98.3,101.4
,Tony Bradley,Uta,C-F,21.99,37,10.3,21.5,16.4,13.3,31,0.613,110,0.636,0,0,0.636,0.643,4.3,4.2,22,0.2,3.6,0.27,0.41,0.51,6,126.1,86.8
,Jarrell Brantley,Uta,F,23.66,3,3.7,7.8,3.9,100,0,0,0,0,0,0,,,0,1.7,24.3,0.3,10.7,0,0.67,0.33,0,,
,Ignas Brazdeikis,Nyk,F,21.08,9,5.9,12.3,20.8,7.6,5,0.8,13,0.385,9,0.111,0.295,0.351,1.9,0.6,4.9,0.4,10.7,0,0.11,0.22,5.2,81.7,114.9
,Miles Bridges,Cha,F,21.88,51,30.5,63.5,19.2,11.3,92,0.793,339,0.504,225,0.342,0.508,0.534,12.7,5.6,10,1.7,9.3,0.61,0.75,1.51,6.5,104.1,109.5
,Mikal Bridges,Pho,F,23.43,51,25.2,52.5,12.4,13,84,0.81,187,0.604,103,0.311,0.555,0.596,7.6,3.9,8.6,1.6,8.6,1.43,0.55,0.96,5.7,114.4,104.3
,Oshae Brissett,Tor,F-G,21.63,16,7.5,15.6,14.9,16.8,6,0.833,19,0.474,13,0.231,0.422,0.462,2,1.4,9.7,0.3,4.5,0.25,0.06,0.44,5,91.4,94.8
,Ryan Broekhoff,Dal,G-F,29.46,15,10.6,22.1,16,8.4,8,0.875,8,0.25,43,0.419,0.569,0.596,4.3,2.1,10.5,0.5,6,0.27,0.27,0.33,6.2,116.3,102.8
,Malcolm Brogdon,Ind,G,27.15,37,30.5,63.6,26,14.1,125,0.904,359,0.49,157,0.338,0.495,0.546,16.9,4.6,8.3,7.3,35.9,0.73,0.19,2.54,10.9,111.2,106.9
,Dillon Brooks,Mem,G-F,24.04,51,28.4,59.2,24.5,9.9,141,0.844,429,0.438,271,0.399,0.5,0.537,16.1,3.4,6.4,2.1,10.7,0.96,0.43,1.65,6.8,104.3,103.4
,Charles Brown Jr.,Atl,G,22.01,9,4.5,9.3,25,12.4,5,1,10,0.3,9,0.333,0.395,0.472,2.2,0.4,5.4,0.2,7.3,0.22,0.22,0.33,5,92.9,111.9
,Troy Brown Jr.,Was,G-F,20.53,46,26.2,54.5,17.1,9.7,91,0.758,296,0.51,111,0.333,0.507,0.539,10.5,5.8,12,2.2,11.4,1.22,0.11,1.04,7.8,110.4,111.2
,Bruce Brown,Det,G-F,23.48,50,27.5,57.3,16,16.7,109,0.716,291,0.481,84,0.345,0.489,0.526,8.9,4.3,8.8,4,20.7,1.12,0.52,1.7,7.8,107.2,104.6
,Jaylen Brown,Bos,F-G,23.28,42,33.6,70.1,24.6,12.3,189,0.746,409,0.562,224,0.375,0.562,0.596,20.3,6.5,10.5,2.2,10.4,1.14,0.26,2.38,7.9,111.1,100.2
,Moses Brown,Por,C,20.32,7,3.3,6.8,25.3,21.8,4,0.5,9,0.444,0,0,0.444,0.465,1.4,1.6,24.6,0,0,0.14,0,0.43,0,,
,Sterling Brown,Mil,G-F,24.99,35,14.6,30.4,16.7,14.1,30,0.767,80,0.425,84,0.321,0.454,0.485,4.9,3.8,12.8,0.9,8.1,0.54,0.11,0.83,7,96.4,96.3
,Jalen Brunson,Dal,G,23.43,51,17.7,36.9,20.7,13.2,68,0.809,241,0.519,109,0.349,0.52,0.551,8.2,2.4,7.1,3.3,27.3,0.41,0.08,1.14,9.1,114.5,107.6
,Thomas Bryant,Was,C-F,22.52,29,25.5,53.1,18.6,12.4,75,0.747,213,0.638,44,0.341,0.617,0.643,12.9,7.4,15.9,2.2,12.8,0.34,0.9,1.41,9.3,123.5,110.3
,Reggie Bullock,Nyk,G-F,28.89,17,25,52.1,16.5,5.4,11,0.818,75,0.507,77,0.325,0.497,0.51,9.4,2.3,4.8,1.3,7.7,1.12,0,0.53,4.9,106.6,107.7
,Trey Burke,Phi,G,27.23,25,13.1,27.4,19.3,8.2,18,0.722,89,0.483,38,0.421,0.528,0.545,5.9,1.4,5.7,2.1,24.4,0.28,0.04,0.48,7.9,117.4,107
,Alec Burks,Gol,G,28.55,48,29,60.3,23.8,9.8,224,0.897,377,0.424,224,0.375,0.476,0.552,16.1,4.7,8.7,3.1,17.6,1.02,0.33,1.58,8.5,110.4,108.5
,Deonte Burton,Okc,G-F,26.01,30,8.5,17.6,18.6,8.4,12,0.5,54,0.5,39,0.179,0.403,0.412,2.7,1.3,8.5,0.3,5.7,0.1,0.3,0.3,4.8,83.4,101.6
,Jimmy Butler,Mia,F,30.4,44,34.4,71.8,25.3,11.4,412,0.837,477,0.497,110,0.255,0.475,0.588,20.5,6.7,10.9,6.3,28.4,1.77,0.55,2.25,11.1,123.5,106.1
,Bruno Caboclo,Mem,F,24.38,22,8.7,18.2,16.9,9.1,3,0.667,44,0.545,25,0.16,0.435,0.441,2.8,2,12.2,0.5,7,0.45,0.55,0.32,6.5,96.6,101.8
,Kentavious Caldwell-Pope,Lal,G,26.97,49,25.7,53.5,14.7,9.8,79,0.81,190,0.516,169,0.426,0.574,0.604,9.7,2.2,4.6,1.8,9.1,0.76,0.22,0.88,5.3,119.4,105.5
,Vlatko Cancar,Den,F,22.83,11,3.5,7.2,17.9,19,4,1,6,0.667,5,0.2,0.5,0.588,1.4,0.7,11.5,0.3,10.9,0.09,0.09,0.27,7.6,,
,Clint Capela,Hou,C,25.72,39,32.8,68.3,15.9,12.7,104,0.529,388,0.629,0,0,0.629,0.626,13.9,13.8,21.7,1.2,5.6,0.87,1.79,1.62,7.5,123.4,101.5
,DeMarre Carroll,San,F,33.53,15,9,18.8,15.3,20.9,20,0.6,16,0.375,13,0.231,0.362,0.437,2.2,2.1,12.2,0.7,10.1,0.13,0.13,0.67,6.6,88.1,100.1
,Wendell Carter Jr.,Chi,C-F,20.81,37,30,62.4,16.5,14.5,129,0.736,281,0.569,28,0.214,0.547,0.592,11.7,9.9,17.9,1.2,6.1,0.81,0.89,1.68,6.9,115.4,97.7
,Jevon Carter,Pho,G,24.4,36,14,29.2,13.3,14.6,11,0.818,56,0.375,74,0.405,0.508,0.523,3.9,1.8,6.9,1.4,13.2,0.75,0.28,0.64,6.1,103.9,103.4
,Vince Carter,Atl,G-F,43.03,45,15.5,32.3,16.8,9.5,27,0.778,82,0.476,162,0.278,0.436,0.457,5.2,2.1,7.3,0.9,8.1,0.4,0.51,0.6,5.5,91.9,108.3
,Michael Carter-Williams,Orl,G,28.32,28,17.3,36,18.6,12.5,55,0.764,114,0.482,43,0.279,0.465,0.519,6.7,2.9,9,2.5,21.8,1,0.43,0.93,8.4,109.4,99.9
,Alex Caruso,Lal,G,25.94,46,18.4,38.4,13.6,14.3,61,0.787,121,0.455,86,0.36,0.49,0.537,5.5,1.8,5.5,1.7,11.9,1.07,0.28,0.85,5.6,106.9,101
,Willie Cauley-Stein,Gol,C,26.47,42,22.7,47.3,14.4,10.9,57,0.614,261,0.559,0,0,0.559,0.572,7.8,6.1,14.5,1.5,10,1.14,1.19,0.83,7.3,114.2,102.5
,Tyson Chandler,Hou,C,37.35,25,8.8,18.3,5.9,25.2,13,0.462,18,0.778,0,0,0.778,0.717,1.4,2.6,15.6,0.2,3.4,0.24,0.32,0.32,4.1,132.8,97.5
,Wilson Chandler,Bro,F,32.74,22,20.5,42.7,13.7,16.9,16,0.875,46,0.674,70,0.314,0.552,0.577,6.5,4.6,11.5,1.2,8.1,0.59,0.36,1.14,6.4,103,98.8
,Zylan Cheatham,Nor,F,24.22,3,10.2,21.3,10.7,37.5,0,0,4,0.5,1,0,0.4,0.4,1.3,2,10.3,0.7,8.1,0,0.33,1,4.8,66.8,100.3
,Chris Chiozza,Was,G,24.21,10,12.3,25.5,14.5,20.9,0,0,18,0.167,16,0.438,0.397,0.397,2.7,1.5,6.7,2.8,28.5,1,0.2,0.9,7.3,91.4,107.9
,Marquese Chriss,Gol,F,22.6,47,18.6,38.8,18.7,15.9,111,0.757,243,0.551,30,0.233,0.529,0.579,7.9,5.4,15.6,1.7,14.7,0.62,1,1.3,9,112,104.3
,Brandon Clarke,Mem,F-G,23.38,44,21.8,45.4,19,9.4,82,0.829,309,0.66,48,0.396,0.651,0.678,12.1,5.7,14,1.5,10.2,0.52,0.86,0.93,8.6,128.4,106.6
,Gary Clark,Hou,F,25.22,19,12.2,25.4,12.4,2.9,7,0.857,10,0.7,55,0.364,0.569,0.588,4.2,2.3,9.8,0.6,7,0.11,0.42,0.11,5.9,130.7,105.7
,Jordan Clarkson,Cle,G,27.66,29,23,47.8,25.9,9.7,86,0.884,167,0.509,159,0.371,0.532,0.581,14.6,2.4,5.7,2.4,17.2,0.59,0.28,1.34,7.6,115.7,115.2
,Nicolas Claxton,Bro,F-C,20.81,14,13.1,27.3,14.4,14.2,19,0.474,39,0.641,7,0.143,0.576,0.57,4.4,3.1,12.1,1.1,12.7,0.07,0.57,0.64,7.5,116.1,105.2
,Chris Clemons,Hou,G,22.54,26,8.9,18.5,23.9,11.8,5,0.8,27,0.593,90,0.367,0.56,0.566,5.2,0.8,4.7,0.7,12.7,0.19,0.15,0.62,6.4,105.5,106.8
,Antonius Cleveland,Dal,G,26.01,5,4,8.3,14.7,14.5,2,0.5,4,0.5,1,0,0.4,0.425,1,0.6,7.8,0,0,0.2,0.2,0.2,0,74.4,101.8
,Amir Coffey,Lac,G-F,22.64,2,2.7,5.6,22.9,0,0,0,1,1,2,0.5,0.833,0.833,2.5,0,0,0.5,37.7,0,0,0,0,,
,John Collins,Atl,F,22.37,26,31.2,65,23.1,10.2,73,0.795,280,0.629,95,0.358,0.605,0.629,19.7,10.3,17.8,1.2,6.9,0.65,1.73,1.77,8,117.2,103.1
,Zach Collins,Por,F-C,22.21,3,28.8,60,13.5,21.7,6,1,12,0.5,7,0.429,0.553,0.624,9,4,7.1,2,9.2,0,0.67,2,5.8,111.5,106.8
,Mike Conley,Uta,G,32.32,30,27.6,57.5,23.7,12.5,93,0.774,204,0.402,147,0.361,0.46,0.504,13.2,3.2,6.2,4.1,22.1,0.7,0.13,1.87,8.1,103.9,103.7
,Pat Connaughton,Mil,G,27.08,46,18,37.5,12,14.5,25,0.72,94,0.606,101,0.307,0.531,0.546,4.9,4.3,11.9,1.6,11.2,0.33,0.54,0.76,7.2,110.8,99.7
,Quinn Cook,Lal,G,26.87,33,11.6,24.1,20.5,12.4,9,0.667,100,0.48,58,0.397,0.522,0.528,5.2,1.2,5.4,1.1,13.7,0.3,0.03,0.7,6.6,101.6,106.9
,Tyler Cook,Cle,F,22.37,11,3.2,6.6,16.7,7.3,6,0.833,10,0.7,0,0,0.7,0.752,1.7,0.9,15.9,0.1,4.6,0.09,0,0.09,6.7,,
,Robert Covington,Min,F,29.15,48,29.4,61.2,17.9,12,94,0.798,184,0.587,312,0.346,0.544,0.572,12.8,6,10.6,1.2,6,1.67,0.94,1.52,6.1,105.8,101.7
,Allen Crabbe,Atl,G-F,27.83,28,18.6,38.8,12.7,7.5,12,0.75,50,0.44,93,0.323,0.469,0.482,5.1,2.3,6.6,1,7.4,0.54,0.14,0.43,4.9,99.8,112.2
,Torrey Craig,Den,F,29.13,39,17.1,35.6,12.2,9,29,0.621,82,0.598,77,0.286,0.516,0.53,4.7,3.2,10.2,0.6,4.6,0.36,0.69,0.44,4.9,109.8,98.8
,Jae Crowder,Mem,F,29.59,45,29.4,61.2,15.7,10.9,95,0.789,133,0.519,266,0.293,0.466,0.507,9.9,6.2,11.2,2.8,12.1,1.04,0.31,1.2,7.6,104.9,108
,Jarrett Culver,Min,G-F,20.96,49,24.6,51.3,19.5,11.6,95,0.453,281,0.459,180,0.272,0.439,0.446,9.1,3.5,7.4,1.9,11.5,0.98,0.69,1.35,6.4,91.4,107.5
,Seth Curry,Dal,G,29.46,47,22.9,47.8,18,9.2,65,0.877,163,0.54,222,0.414,0.587,0.615,10.8,2.1,4.8,1.8,11.4,0.53,0.15,0.89,6,120.8,108.7
,Stephen Curry,Gol,G,31.9,4,28,58.4,33.8,16.9,18,1,29,0.621,37,0.243,0.477,0.548,20.3,5,9.5,6.5,42.1,1.25,0.5,3.75,12.4,104.5,106.4
,Troy Daniels,Lal,G,28.56,37,11.5,23.9,15.9,5.6,13,0.692,45,0.467,100,0.37,0.528,0.537,4.4,1.1,5.3,0.4,4.4,0.22,0.08,0.24,4.3,109.3,106.3
,Anthony Davis,Lal,F-C,26.91,42,34.4,71.8,29.4,10.4,340,0.865,604,0.56,146,0.315,0.543,0.616,26.4,9.1,14.4,3.3,15.1,1.5,2.43,2.48,10.8,121.2,100.4
,Ed Davis,Uta,F,30.67,25,10.7,22.3,8.5,25.1,11,0.455,34,0.412,0,0,0.412,0.425,1.3,3.8,19.3,0.3,3.8,0.4,0.36,0.52,4.3,97.6,85.3
,Terence Davis,Tor,G,22.73,51,17,35.4,18.1,13.6,38,0.921,130,0.569,170,0.418,0.602,0.625,7.8,3.4,10.5,1.8,15.8,0.53,0.2,0.98,8.5,117.6,99
,Dewayne Dedmon,Sac,C,30.49,34,15.9,33.1,18.6,20.4,28,0.821,100,0.55,71,0.197,0.444,0.477,5.1,4.9,17.4,0.4,4,0.44,0.76,1.38,5.4,88.3,93.9
,Matthew Dellavedova,Cle,G,29.41,46,12.3,25.6,13.7,22.6,28,0.893,61,0.508,67,0.164,0.371,0.428,2.6,1.1,5.1,2.6,28.1,0.35,0.02,0.89,6.3,97.7,108.5
,DeMar DeRozan,San,F,30.5,50,34.3,71.5,27.2,11.5,338,0.84,779,0.547,29,0.276,0.542,0.606,23.2,5.7,8.8,5.2,24.4,1.04,0.24,2.48,10.3,117.9,107.2
,Cheick Diallo,Pho,F-C,23.4,34,9.7,20.2,17,14.4,30,0.833,98,0.643,2,0.5,0.645,0.68,4.5,2.7,15.3,0.5,7.9,0.24,0.21,0.56,7.5,122.3,101.1
,Hamidou Diallo,Okc,G,21.52,30,19.5,40.7,17.8,13.1,39,0.667,161,0.491,28,0.179,0.458,0.483,6.6,3.5,10,0.6,4.5,0.83,0.2,1.03,4.9,92.2,98.4
,Gorgui Dieng,Min,C,30.05,46,16.9,35.2,18.4,12.7,59,0.797,157,0.497,120,0.383,0.531,0.563,7.4,5.6,17.2,1.3,11.3,0.8,0.91,0.96,8.9,112.2,99.6
,Spencer Dinwiddie,Bro,G,26.84,50,31,64.5,30.1,12.6,339,0.773,515,0.482,310,0.316,0.479,0.54,21,3.3,5.5,6.4,34,0.68,0.32,2.82,9.8,109.5,103.7
,Donte DiVincenzo,Mil,G,23.01,45,22.6,47.2,17.1,13,56,0.768,179,0.564,164,0.335,0.535,0.558,9.1,4.6,10.1,2.3,13.5,1.56,0.27,1.22,8.1,110.2,95.4
,Luka Doncic,Dal,G-F,20.94,43,32.8,68.4,37.2,14.6,388,0.763,487,0.579,392,0.321,0.536,0.59,28.8,9.5,15.1,8.7,46.6,1.02,0.16,4.19,16.3,117.3,103
,Luguentz Dort,Okc,G,20.8,16,20.9,43.6,13.9,11.4,22,0.727,43,0.512,41,0.317,0.494,0.528,6.2,1.3,3.5,0.8,4.9,0.88,0.06,0.75,3.6,101.1,99
,Damyean Dotson,Nyk,G,25.75,44,17.6,36.8,16.4,6.7,32,0.688,116,0.509,150,0.36,0.526,0.539,6.9,1.8,5.5,1.2,10,0.48,0.09,0.45,5.6,110.3,112.7
,Sekou Doumbouya,Det,F,19.12,25,20,41.7,17.1,12.1,36,0.694,95,0.495,63,0.302,0.478,0.506,7,3.3,9.3,0.4,3.2,0.56,0.28,0.96,4.2,95,103.9
,PJ Dozier,Den,G-F,23.28,12,14.5,30.1,21.4,11.6,9,0.667,49,0.49,23,0.261,0.458,0.474,6,2.3,8.5,1.9,19.4,0.5,0.25,0.83,8.2,98.8,98.4
,Goran Dragic,Mia,G,33.75,39,28.1,58.5,25.4,15.1,149,0.758,248,0.5,221,0.394,0.543,0.582,15.9,2.9,5.9,5,28.8,0.56,0.18,2.44,8.7,111.3,106.7
,Andre Drummond,Det,C,26.49,49,33.7,70.3,25.3,18,255,0.584,658,0.546,21,0.048,0.531,0.55,17.8,15.8,26.4,2.8,13.7,1.98,1.67,3.55,11,104.3,97
,Jared Dudley,Lal,F,34.58,35,8.4,17.4,7.7,11.3,2,1,14,0.286,32,0.5,0.609,0.619,1.7,1.1,7.1,0.5,7.5,0.31,0.09,0.17,4.7,122.9,98.1
,Kris Dunn,Chi,G,25.89,51,24.9,51.8,14.6,15.7,54,0.741,230,0.535,112,0.259,0.487,0.51,7.3,3.7,8,3.4,19.9,1.96,0.35,1.33,7.2,103.5,97.4
,Carsen Edwards,Bos,G,21.9,31,9.5,19.8,17.9,12.1,13,0.846,41,0.341,62,0.306,0.413,0.442,3.1,1.3,7.3,0.7,10,0.32,0.1,0.48,5.9,90.7,101
,Henry Ellenson,Bro,F-C,23.06,5,3,6.3,19.4,0,0,0,3,0.333,4,0,0.143,0.143,0.4,1.2,20.4,0.2,8.7,0,0,0,6.1,,
,Wayne Ellington,Nyk,G,32.19,24,14.1,29.3,14.9,11.8,8,0.75,18,0.389,83,0.301,0.441,0.454,4,1.6,6.1,1,9.4,0.38,0.08,0.58,5.3,92,110.8
,Joel Embiid,Phi,C-F,25.89,35,30.9,64.3,31.6,13.6,287,0.822,423,0.522,133,0.331,0.516,0.594,23.1,12.1,21.6,3.1,17,0.71,1.34,3.06,12.3,113.3,95.5
,James Ennis III,Phi,F,29.6,49,15.8,33,15.8,10.6,61,0.787,120,0.525,106,0.349,0.524,0.564,5.8,3.1,10.7,0.8,7.4,0.45,0.31,0.61,6.2,113.1,99.8
,Drew Eubanks,San,F-C,23.01,7,5.5,11.4,21.8,20.7,3,1,14,0.643,0,0,0.643,0.685,3,2.3,22.2,0.3,8.2,0,0.14,0.57,9.3,119,100.8
,Jacob Evans,Gol,G-F,22.64,27,15.3,31.9,17.6,14.6,29,0.862,95,0.337,38,0.342,0.387,0.439,4.7,1.5,5.3,1.1,11,0.41,0.44,0.93,5.2,86.4,108.2
,Dante Exum,Cle,G,24.57,19,16.8,35,15.1,15.9,34,0.706,52,0.558,28,0.286,0.513,0.558,5.6,2.2,7.3,1.4,11.8,0.47,0.16,0.95,6.2,106.4,111.9
,Tacko Fall,Bos,C,24.16,6,4,8.4,28.9,18.4,3,0.333,12,0.75,0,0,0.75,0.713,3.2,1.8,24.6,0,0,0.17,0.33,0.5,0,98.3,77.7
,Derrick Favors,Nor,F,28.56,32,24.2,50.4,15,14.5,49,0.592,216,0.63,5,0.2,0.622,0.627,9.5,9.8,21.2,1.8,11.1,0.59,1.06,1.28,9.1,123.6,103.7
,Cristiano Felicio,Chi,F-C,27.58,12,16.4,34.2,8.1,21.4,10,0.8,24,0.708,1,0,0.68,0.714,3.5,4.3,14.1,0.5,4.2,0.33,0.08,0.67,4.8,133.1,107.1
,Terrance Ferguson,Okc,G,21.72,37,25.6,53.3,9.2,13.2,11,0.818,38,0.658,128,0.32,0.521,0.533,4.9,1.7,3.6,0.9,4.7,0.57,0.32,0.7,3.1,102.4,101.3
,Bruno Fernando,Atl,F-C,21.48,43,12.3,25.7,15.9,19.2,39,0.615,117,0.607,30,0.133,0.524,0.542,4.1,3.3,14.5,0.9,10.4,0.35,0.35,0.91,7.5,103.1,100.9
,Yogi Ferrell,Sac,G,26.75,38,11.4,23.8,18.7,11.8,33,0.879,92,0.5,58,0.31,0.487,0.532,4.6,1.2,5.7,1.4,18.7,0.32,0.08,0.58,6.9,108.4,110.8
,Dorian Finney-Smith,Dal,F,26.76,51,29.6,61.7,12.7,10.7,83,0.723,153,0.562,212,0.387,0.573,0.595,9.4,5.7,10,1.5,6.7,0.69,0.57,0.94,5.8,122.2,106.9
,Bryn Forbes,San,G,26.54,50,25.3,52.8,18.7,8,65,0.815,168,0.464,309,0.366,0.519,0.542,11,2.1,4.4,1.9,10.2,0.52,0,0.88,5.6,106.4,110.6
,Evan Fournier,Orl,G-F,27.27,50,31.5,65.6,24.7,11.1,172,0.826,395,0.509,324,0.404,0.553,0.59,18.7,2.7,4.5,3.3,17.9,1.02,0.18,1.98,7,111.1,104.5
,De'Aaron Fox,Sac,G,22.13,32,31.5,65.6,30,16.2,211,0.687,386,0.526,102,0.314,0.514,0.557,20.2,4.3,7.6,7,37.5,1.59,0.53,3.5,10.8,108.5,104.8
,Melvin Frazier Jr.,Orl,G-F,23.43,13,3.6,7.6,19.1,9.6,4,0.5,10,0.2,7,0.571,0.471,0.48,1.4,0.3,4.5,0.1,3.2,0.31,0.15,0.15,3.9,,
,Michael Frazier,Hou,G,25.92,5,8,16.8,11,0,4,0.75,2,0.5,7,0.286,0.444,0.511,2.2,0.6,3.9,0.2,3.2,0.2,0,0,3.2,117.9,96.1
,Tim Frazier,Det,G,29.26,27,13.1,27.4,17.1,25.6,24,0.792,64,0.375,30,0.333,0.415,0.464,3.6,1.2,5.2,3.4,35.9,0.52,0.11,1.33,7.5,99.1,104.1
,Markelle Fultz,Orl,G,21.69,50,27.9,58.1,20.8,15.5,108,0.731,430,0.502,85,0.259,0.483,0.513,11.5,3.5,6.6,4.8,28,1.28,0.2,2.06,8.3,102.1,103.6
,Wenyen Gabriel,Sac,F,22.87,11,5.6,11.6,18.8,18.9,10,0.6,9,0.556,8,0.125,0.382,0.444,1.7,0.9,9.2,0.3,6.8,0.27,0.18,0.45,5.5,86.7,102.8
,Daniel Gafford,Chi,F-C,21.35,33,12.7,26.5,13.7,13.4,38,0.526,100,0.67,0,0,0.67,0.66,4.7,2.4,10.1,0.4,5.2,0.27,1.27,0.55,5.2,122.8,99.7
,Danilo Gallinari,Okc,F,31.49,43,30.6,63.8,24.1,8,206,0.903,258,0.481,315,0.41,0.554,0.619,19.1,5.6,10.1,2.3,11.7,0.67,0.09,1.35,8.2,120.9,106.9
,Langston Galloway,Det,G,28.16,53,25.8,53.7,15.6,6.5,72,0.847,165,0.491,264,0.405,0.563,0.59,10.3,2.2,4.7,1.5,8.5,0.75,0.17,0.6,5,118.2,111.7
,Darius Garland,Cle,G,20.03,51,30.5,63.5,21,17.6,67,0.866,334,0.425,267,0.36,0.476,0.5,12.4,1.9,3.5,3.7,18.2,0.71,0.02,2.65,5.8,94.9,115.9
,Marc Gasol,Tor,C,35.02,35,27.8,58,12.8,14.8,36,0.722,107,0.449,124,0.403,0.532,0.551,7.8,6.4,12.1,3.5,16.9,0.8,0.94,1.23,8,112.6,96.5
,Rudy Gay,San,F-G,33.47,47,21.3,44.4,21,13.5,93,0.86,236,0.513,145,0.317,0.499,0.545,9.8,5.4,13.6,1.8,11.8,0.43,0.49,1.4,8.6,104.4,107.3
,Paul George,Lac,F,29.77,30,30,62.6,30.8,13.7,147,0.905,256,0.461,260,0.4,0.531,0.586,22.7,6.1,10.4,4,21.8,1.37,0.43,3.07,10.9,110.1,99.8
,Taj Gibson,Nyk,F,34.62,48,16.4,34.2,14.1,13.3,36,0.722,201,0.572,11,0.273,0.564,0.582,5.5,4.3,13.9,1,8.8,0.48,0.44,0.73,7,116.5,102.4
,Harry Giles III,Sac,F-C,21.79,24,11.3,23.6,21,16.8,16,0.875,102,0.52,0,0,0.52,0.55,5,2.8,14.1,1.3,17.5,0.5,0.38,0.92,9.3,105.1,90.5
,Shai Gilgeous-Alexander,Okc,G-F,21.57,51,35.6,74.1,24.2,10.2,258,0.818,600,0.498,181,0.337,0.5,0.554,19.5,6.2,9.7,3.2,14.2,1.22,0.67,2,8.2,108.8,105.5
,Rudy Gobert,Uta,C,27.61,48,34.4,71.7,16.9,14.8,289,0.612,416,0.688,0,0,0.688,0.689,15.6,14.5,22.9,1.6,7,0.67,1.98,1.96,8.3,129.5,97
,Brandon Goodwin,Atl,G,24.35,22,13.7,28.6,22.3,12.9,20,1,76,0.447,57,0.316,0.459,0.501,6.5,2.6,10.1,1.6,17.6,0.5,0.14,0.95,8.8,99,106.6
,Aaron Gordon,Orl,F,24.39,45,31.9,66.4,21,10.4,150,0.66,378,0.479,176,0.301,0.47,0.5,13.8,7.3,12.1,2.9,14.5,0.78,0.49,1.6,8.3,102.4,104
,Eric Gordon,Hou,G,31.11,26,30.2,62.9,22.2,6.6,87,0.724,122,0.467,237,0.325,0.481,0.513,15.7,2,3.5,1.5,7.2,0.62,0.38,1.08,4.8,104.1,109.3
,Devonte' Graham,Cha,G,24.95,51,35.2,73.3,24.4,15.1,189,0.815,290,0.369,478,0.379,0.493,0.535,17.9,3.5,5.5,7.7,35.7,0.9,0.25,2.96,8.9,108.7,112.5
,Treveon Graham,Min,G-F,26.28,33,20.1,41.9,13.2,9,37,0.73,93,0.452,83,0.241,0.409,0.445,5.2,3.1,8,0.9,6.3,0.52,0.06,0.58,4.9,96.3,106
,Jerami Grant,Den,F,25.9,51,26,54.2,17.5,7.8,135,0.719,263,0.51,175,0.4,0.546,0.578,11.3,3.6,7.6,1.1,6.2,0.63,0.9,0.82,5.5,114.9,104.8
,Josh Gray,Nor,G,26.41,2,11.4,23.6,12.7,71.4,0,0,2,0.5,0,0,0.5,0.5,1,1,4.6,1,10.7,0,0,2.5,3.5,47,116.3
,Danny Green,Lal,G,32.63,48,24.8,51.7,14.7,9.9,40,0.7,108,0.519,247,0.372,0.546,0.558,8.7,3.6,8,1.3,7,1.23,0.48,0.85,5.5,110.4,100.9
,Draymond Green,Gol,F,29.93,39,29,60.5,15.8,20.5,80,0.75,178,0.466,120,0.283,0.45,0.492,8.4,6.3,11.6,6.1,30.4,1.44,0.82,2.21,9.5,100.8,104.4
,JaMychal Green,Lac,F-C,29.63,42,21,43.7,13.9,13.1,38,0.737,79,0.494,162,0.364,0.529,0.549,6.7,6.5,15.9,0.7,4.5,0.48,0.4,0.93,6,107.8,94.9
,Javonte Green,Bos,G-F,26.54,40,9.3,19.3,14.3,12.9,34,0.647,70,0.6,23,0.261,0.548,0.574,3.1,1.7,9.6,0.5,7.8,0.53,0.13,0.4,5.9,111.9,98.6
,Jeff Green,Uta,F,33.44,30,18.4,38.4,19.7,10.8,63,0.778,91,0.451,104,0.327,0.472,0.523,7.8,2.7,8,0.7,5.2,0.4,0.33,0.9,5.3,101.3,102.7
,Blake Griffin,Det,F,30.89,18,28.5,59.3,28.1,12,98,0.776,139,0.439,111,0.243,0.406,0.476,15.5,4.7,9.2,3.3,17.6,0.39,0.39,2.22,8.7,97.1,111
,Marko Guduric,Mem,G,24.92,32,13.4,28,17.4,19.1,21,0.905,65,0.462,70,0.286,0.444,0.482,4.3,1.9,7.7,1.3,11.9,0.34,0.22,1.06,6.6,90.4,109.5
,Kyle Guy,Sac,G,22.49,2,2,4.2,21.8,0,0,0,1,1,1,0,0.5,0.5,1,0,0,0,0,0,0,0,0,,
,Rui Hachimura,Was,F,21.99,26,29.1,60.5,19.6,6.2,56,0.839,263,0.536,48,0.208,0.502,0.535,13.8,5.9,11,1.5,7.8,0.69,0.12,0.85,6.8,110.7,112.8
,Devon Hall,Okc,G,24.58,5,3.9,8.2,17.3,12.9,4,0.75,3,0.333,2,0,0.2,0.37,1,0.2,2.8,0.6,19.6,0,0,0.2,5.1,,
,Tim Hardaway Jr.,Dal,G,27.89,48,26.9,56.1,21.5,7.1,99,0.808,236,0.462,324,0.395,0.538,0.565,14.2,3,5.8,1.7,9.4,0.58,0.08,0.96,6.2,113.1,108.8
,James Harden,Hou,G,30.45,47,37.2,77.5,36.9,13.4,571,0.867,503,0.529,609,0.36,0.535,0.618,35.8,6.5,9,7.3,34,1.66,0.96,4.49,12.8,120.4,103.6
,Maurice Harkless,Lac,F-G,26.74,50,22.8,47.5,10.2,16.3,42,0.571,144,0.59,73,0.37,0.578,0.584,5.5,4,9,1,5.5,0.96,0.6,0.92,4.9,108.6,99.1
,Jared Harper,Pho,G,22.4,3,2.6,5.5,21.5,0,0,0,2,0.5,2,0,0.25,0.25,0.7,0,0,0,0,0,0,0,0,,
,Montrezl Harrell,Lac,F-C,26.03,50,28.6,59.5,25.9,10.3,271,0.627,670,0.584,15,0,0.571,0.592,19,7.1,12.7,1.8,10.6,0.66,1.08,1.84,8.7,115.7,102.1
,Gary Harris,Den,G,25.4,43,32.1,66.8,15.3,9.4,72,0.819,237,0.473,174,0.299,0.462,0.496,10.2,2.9,4.9,2.2,9.4,1.35,0.26,1.07,5,102,106.1
,Joe Harris,Bro,G-F,28.41,49,31.3,65.1,17.6,11.1,65,0.738,253,0.534,293,0.406,0.574,0.587,13.8,4.2,6.8,2.1,10.2,0.67,0.27,1.47,6.3,111,105.3
,Shaquille Harrison,Chi,G,26.34,30,7.2,15.1,19.5,9.1,30,0.733,59,0.424,18,0.333,0.442,0.499,3,1.3,9.8,1,20.2,0.47,0.2,0.3,8.7,108.2,98.8
,Tobias Harris,Phi,F,27.56,51,34.2,71.3,23.5,8.4,159,0.805,546,0.531,252,0.345,0.527,0.558,19,6.7,10.8,2.9,13.6,0.75,0.57,1.57,8.4,110.2,103.7
,Isaiah Hartenstein,Hou,C-F,21.76,21,12,24.9,14.6,16.8,26,0.692,60,0.717,3,0,0.683,0.699,5,4.1,17.9,0.8,9.3,0.38,0.57,0.71,8.5,130.2,94.9
,Josh Hart,Nor,G,24.92,44,28.2,58.8,15.5,11.1,72,0.764,126,0.556,258,0.349,0.534,0.559,10.6,6.4,11.8,1.5,7.3,1.11,0.43,1.18,6.6,108.9,104.3
,Udonis Haslem,Mia,F,39.66,2,5.4,11.3,11.3,0,4,0.75,1,1,0,0,1,0.906,2.5,1.5,15.5,0,0,0,0,0,0,190.5,79.8
,Jaxson Hayes,Nor,C-F,19.71,48,18.5,38.5,15.1,11.4,158,0.627,215,0.665,4,0.25,0.66,0.672,8.1,4.4,12.5,1,7.4,0.44,1.06,0.77,7.1,130.1,101.2
,Gordon Hayward,Bos,F,29.87,34,32.7,68,21,11.2,82,0.878,311,0.569,138,0.384,0.571,0.603,17.2,6.4,10.6,4.1,19,0.76,0.41,1.79,9.4,118.9,104.4
,John Henson,Cle,F-C,29.11,29,14.2,29.6,16.2,13.5,33,0.515,89,0.618,31,0.194,0.533,0.539,5,3.9,15.3,1.5,15.3,0.55,1.1,0.72,8.7,111.1,101.8
,Dewan Hernandez,Tor,C-F,23.16,4,2.9,5.9,25.9,14.5,2,1,4,0.25,1,0,0.2,0.34,1,1.8,32.3,0,0,0.25,0,0.25,0,,
,Juancho Hernangomez,Den,F,24.36,34,12.4,25.9,14.2,12.9,25,0.64,50,0.46,60,0.25,0.414,0.442,3.1,2.8,12.3,0.6,6.8,0.15,0.15,0.53,5.6,94,105.1
,Willy Hernangomez,Cha,C-F,25.7,22,10.1,21,26.2,16.6,44,0.591,73,0.603,18,0.278,0.566,0.584,5.9,3.4,18.5,0.6,11.5,0.23,0.23,1,9.1,106,102.3
,Tyler Herro,Mia,G,20.04,46,27.7,57.6,22.1,11.3,79,0.835,277,0.433,252,0.393,0.508,0.535,13.1,4,8.2,2,11.2,0.63,0.15,1.57,6.8,100.7,107.7
,Kevin Hervey,Okc,F,23.58,6,2.2,4.6,16.7,0,0,0,1,0,4,0,0,0,0,0.3,8.4,0.2,9.1,0,0,0,0,,
,Mario Hezonja,Por,F-G,24.95,36,16.4,34.1,13.9,15,47,0.83,96,0.438,48,0.271,0.427,0.492,4.5,3.7,11.5,0.8,6.2,0.56,0.14,0.81,5.8,97.6,100.9
,Buddy Hield,Sac,G,26.14,50,33.5,69.7,27,12,108,0.824,370,0.495,495,0.376,0.534,0.555,20.3,5,8.4,3.1,15.4,0.86,0.32,2.5,8.1,105.2,108.2
,George Hill,Mil,G,33.76,44,21.1,44,15.7,11.8,67,0.821,152,0.566,131,0.511,0.659,0.685,9.7,3,7.1,3,18.9,0.73,0.09,0.95,8.4,133.7,99.9
,Solomon Hill,Mem,F,28.89,48,18.8,39.1,13.4,13.9,38,0.684,86,0.465,146,0.384,0.534,0.551,5.7,3,8.5,2,13.2,0.65,0.15,0.83,6.9,108.7,107.5
,Jaylen Hoard,Por,F,20.86,12,7.8,16.2,17.1,10.6,11,0.545,26,0.5,3,0,0.448,0.473,2.7,2.5,16.5,0.3,5.9,0.42,0,0.33,6.5,106.5,103.2
,Aaron Holiday,Ind,G,23.35,47,23.3,48.6,20.4,11.6,54,0.87,251,0.422,174,0.42,0.507,0.533,10.2,2.3,5.4,3.5,21.2,0.79,0.23,1.26,7.5,107,105.5
,Jrue Holiday,Nor,G,29.65,42,35.1,73.1,25.5,13.8,122,0.713,487,0.487,246,0.346,0.497,0.519,19.4,4.7,7.1,6.3,27.8,1.71,0.88,3,9.5,104.8,110
,Justin Holiday,Ind,F-G,30.84,51,25.4,52.8,13.2,6.5,47,0.766,115,0.461,225,0.427,0.579,0.596,8.4,3.4,7.4,1.5,7.9,1.04,0.61,0.49,5.5,118.4,104.9
,Rondae Hollis-Jefferson,Tor,F,25.09,39,19.5,40.6,17.6,11.9,101,0.733,216,0.486,14,0.143,0.47,0.528,7.4,4.9,13.3,1.7,12.4,0.95,0.38,0.95,8.1,113.8,96.7
,Richaun Holmes,Sac,F,26.31,37,29.4,61.2,15.9,11.6,93,0.817,310,0.658,0,0,0.658,0.69,13.1,8.5,16.3,1,5.3,1.05,1.41,1.24,6.5,131.7,99.1
,Rodney Hood,Por,G-F,27.29,21,29.5,61.4,13.9,9.4,27,0.778,101,0.515,71,0.493,0.608,0.625,11,3.4,6,1.5,7.2,0.81,0.19,0.9,5.2,120.6,110.9
,Al Horford,Phi,C-F,33.68,46,30.9,64.3,18,8.6,54,0.722,318,0.528,199,0.322,0.511,0.524,12.3,6.7,12,3.9,18.8,0.96,0.87,1.11,8.9,112.7,103.1
,Talen Horton-Tucker,Lal,G,19.2,2,2.7,5.5,8,0,0,0,0,0,1,0,0,0,0,0,0,1,42.3,0.5,0,0,0,,
,Danuel House Jr.,Hou,F-G,26.67,44,30.8,64.1,13.5,9,67,0.761,131,0.519,246,0.378,0.55,0.573,10.6,4.4,7.4,1.2,5.4,1.09,0.59,0.91,5,114.7,106.9
,Dwight Howard,Lal,C-F,34.16,49,19.9,41.5,14.2,18.6,132,0.47,203,0.734,5,0.6,0.738,0.693,7.5,7.7,21.2,0.7,4.6,0.47,1.41,1.24,6.9,122.8,90
,Kevin Huerter,Atl,G-F,21.44,41,29.5,61.4,17.4,12.6,49,0.796,188,0.452,233,0.399,0.533,0.551,11.9,4.2,7.7,3.2,15.9,0.85,0.46,1.56,7.4,106.8,110.4
,De'Andre Hunter,Atl,F-G,22.18,49,31.1,64.7,18,12.2,109,0.771,302,0.47,231,0.338,0.486,0.518,12.3,3.8,6.5,1.8,8.6,0.65,0.29,1.65,5.6,98.2,110.4
,Chandler Hutchison,Chi,F-G,23.78,25,17.4,36.3,19,12.4,66,0.636,109,0.532,31,0.323,0.521,0.556,7.5,3.6,11.1,0.8,7.1,0.96,0.24,0.96,6.4,104.3,101.3
,Serge Ibaka,Tor,F,30.38,41,26.6,55.4,24.7,12.6,99,0.747,387,0.563,118,0.39,0.568,0.591,15.8,8,15.8,1.3,8.4,0.56,0.83,1.93,8.2,109.2,96.3
,Ersan Ilyasova,Mil,F,32.73,46,16.2,33.8,17.3,8.6,68,0.824,146,0.562,111,0.378,0.564,0.603,7.5,5.1,15.5,0.9,7.7,0.41,0.28,0.59,8,121.5,94
,Joe Ingles,Uta,F-G,32.35,50,30,62.4,15.4,17.3,66,0.773,153,0.503,254,0.406,0.569,0.589,10.3,4,7.3,5,23.6,0.88,0.12,1.82,7.9,115.6,103.5
,Brandon Ingram,Nor,F,22.43,46,34.3,71.5,28.6,12.5,286,0.86,547,0.512,290,0.4,0.542,0.599,25.1,6.4,9.8,4.2,19.9,0.93,0.74,3,10.2,114,107.3
,Kyrie Irving,Bro,G,27.87,20,32.9,68.5,32.5,10.1,102,0.922,274,0.522,142,0.394,0.546,0.595,27.4,5.2,8,6.4,37,1.35,0.5,2.6,11.8,118.6,103
,Jonathan Isaac,Orl,F,22.34,32,29.7,61.8,18.4,11.7,73,0.767,231,0.515,91,0.33,0.509,0.542,12,6.9,12.4,1.4,7.3,1.56,2.44,1.47,6.6,105.2,99.8
,Wes Iwundu,Orl,F,25.13,37,18.4,38.3,13,8.4,60,0.817,103,0.408,57,0.316,0.431,0.502,5.1,2.5,7.2,1,7.9,0.62,0.27,0.46,5.1,106.6,103.3
,Jaren Jackson Jr.,Mem,F-C,20.39,49,28.2,58.7,24.4,10.4,148,0.75,339,0.543,316,0.405,0.574,0.599,17.6,4.7,8.9,1.4,7.6,0.67,1.65,1.71,6.9,110.1,101.2
,Frank Jackson,Nor,G,21.76,40,13.2,27.4,20.4,13,50,0.76,113,0.478,93,0.301,0.466,0.504,5.8,1.3,5,0.8,8,0.35,0.08,0.85,5.5,96.1,107.7
,Josh Jackson,Mem,G-F,22.99,4,16.5,34.3,22.7,11.2,6,0.667,16,0.438,13,0.231,0.397,0.427,6.8,3.5,11.3,0.8,6.1,0.75,0.25,1,6.5,85.3,103.1
,Justin Jackson,Dal,F,24.86,46,16.4,34.1,16.1,3.5,32,0.844,133,0.481,127,0.307,0.471,0.496,5.9,2.4,7.7,0.7,5.9,0.2,0.13,0.22,5.2,107.9,108.3
,Reggie Jackson,Det,G,29.81,10,25.3,52.6,27.3,8.2,23,0.783,84,0.357,52,0.404,0.452,0.482,14.1,3.2,7.1,4.6,29.2,0.7,0.1,1.3,9.4,105.6,111.7
,Justin James,Sac,G-F,23.03,28,7.6,15.8,18.3,7.8,19,0.526,49,0.429,25,0.32,0.446,0.461,2.7,1.1,8,0.5,10.3,0.21,0.32,0.25,6,97.7,108.8
,LeBron James,Lal,F,35.1,47,34.8,72.6,31.4,15,260,0.692,630,0.557,287,0.352,0.548,0.574,25.2,7.7,12,10.7,49.8,1.32,0.47,3.87,14.7,116.3,103.5
,Amile Jefferson,Orl,F,26.75,18,4.1,8.6,13.5,13,14,0.357,14,0.357,0,0,0.357,0.372,0.8,1.3,16.4,0.2,7.4,0.06,0.17,0.17,5.8,93,101.2
,DaQuan Jeffries,Sac,G-F,22.44,3,4.1,8.6,10.5,0,0,0,2,0.5,1,0,0.333,0.333,0.7,0.3,4.5,0.3,10.9,0,0,0,3.9,101.1,94.2
,Ty Jerome,Pho,G-F,22.58,18,11.8,24.5,17.5,13.8,5,0.8,42,0.429,31,0.355,0.473,0.485,4.1,1.7,7.8,1.8,21.9,0.67,0.17,0.67,7.9,100.8,102.5
,Alize Johnson,Ind,F,23.79,11,4.2,8.7,17,5.7,6,0.667,14,0.5,0,0,0.5,0.541,1.6,1.5,19.4,0.2,6.1,0,0,0.09,7.5,121.3,97.4
,BJ Johnson,Orl,F,24.13,8,5.8,12,20.6,13.7,2,1,12,0.333,6,0.167,0.306,0.344,1.6,0.8,6.9,0.3,6.3,0.25,0,0.38,5,69,111.4
,Cameron Johnson,Pho,F,23.93,38,19.8,41.3,15.9,8.5,36,0.75,77,0.468,166,0.398,0.556,0.574,7.8,3.1,8.5,0.9,6.7,0.42,0.32,0.63,5.6,112.3,108.2
,James Johnson,Mia,F,32.96,18,15.6,32.5,17,13.9,14,0.571,42,0.548,45,0.356,0.54,0.547,5.7,2.9,10.3,1.2,11.1,0.33,0.72,0.83,6.9,103.1,98.8
,Keldon Johnson,San,F-G,20.32,4,3.1,6.4,17.6,0,0,0,5,0.4,0,0,0.4,0.4,1,0.8,13,0,0,0,0,0,0,,
,Stanley Johnson,Tor,F-G,23.69,17,5,10.3,19.2,21.2,4,0.75,16,0.375,12,0.167,0.321,0.353,1.2,1.1,11.2,0.4,9.5,0.18,0.12,0.47,6.5,69.6,97.9
,Tyler Johnson,Pho,G,27.75,31,16.6,34.6,17.2,11.5,32,0.75,88,0.466,83,0.289,0.45,0.481,5.7,1.7,5.5,1.6,13.4,0.39,0.26,0.77,6,97.7,107.7
,Nikola Jokic,Den,C,24.96,52,32.3,67.3,26.9,14.3,216,0.801,604,0.579,200,0.33,0.558,0.596,20.6,10.3,17.4,6.8,34.7,1.15,0.62,2.88,14,118.5,98.5
,Derrick Jones Jr.,Mia,F,22.97,36,24.7,51.4,14.5,7.9,78,0.795,143,0.629,92,0.283,0.549,0.594,8.9,4.3,9.8,1,5.9,1.06,0.69,0.64,5.5,119.5,101.5
,Damian Jones,Atl,C,24.6,47,16.8,35,11.9,11.5,84,0.738,156,0.712,7,0.286,0.699,0.725,6.2,3.8,12.3,0.6,5.5,0.45,0.77,0.55,5.8,138,100.7
,Tyus Jones,Mem,G,23.74,51,18.9,39.3,16.1,12.7,34,0.765,223,0.498,84,0.381,0.518,0.534,6.7,1.6,4.5,4.5,31.8,0.84,0.12,0.92,7.7,115.6,113.6
,DeAndre Jordan,Bro,C,31.54,42,20.9,43.6,14.1,19.6,85,0.694,201,0.677,0,0,0.677,0.694,7.9,9.6,23.6,2,14.1,0.38,0.95,1.38,10.2,126.8,96.2
,Cory Joseph,Sac,G,28.46,50,24.8,51.7,13.4,14.9,45,0.844,196,0.429,109,0.349,0.462,0.493,6.4,2.6,6,3.5,19.6,0.68,0.32,1.14,6.3,106.4,108.8
,Mfiondu Kabengele,Lac,F-C,22.48,10,4.4,9.2,22.7,4.1,3,1,10,0.4,12,0.5,0.591,0.622,2.9,0.8,9.3,0.1,3.5,0.1,0.1,0.1,5.6,121.7,96.4
,Frank Kaminsky,Pho,F-C,26.84,32,22.4,46.7,20.7,9.4,88,0.67,167,0.527,112,0.348,0.525,0.554,11,4.9,12.1,2.2,14.7,0.44,0.31,1.03,8.8,110.9,104.2
,Enes Kanter,Bos,C,27.71,38,18.7,38.9,19.8,12.2,69,0.667,253,0.609,5,0.2,0.603,0.619,9.4,8.2,23.7,1.1,9,0.45,0.87,1.05,9.4,124,96.1
,Luke Kennard,Det,G,23.62,28,32.9,68.6,19.6,10.3,75,0.893,159,0.491,183,0.399,0.548,0.589,15.8,3.5,6,4.1,18.8,0.43,0.21,1.54,7.4,117,110.1
,Michael Kidd-Gilchrist,Cha,F,26.36,12,13.3,27.7,17.5,10.9,9,0.778,36,0.361,17,0.294,0.387,0.421,4,2.9,12,0.8,9.5,0,0.25,0.58,6.3,91.1,105.2
,Stanton Kidd,Uta,F,27.89,4,3.8,8,14.3,40,0,0,2,0,1,0,0,0,0,0.8,10.7,0.3,7.8,0,0,0.5,0,,
,Louis King,Det,F,20.84,9,6.1,12.8,17.5,9,3,0,9,0.444,10,0.4,0.526,0.492,2.2,0.9,8.1,0.6,13.3,0.22,0,0.22,6.9,99.4,96.1
,Maxi Kleber,Dal,F,28.02,50,25,52.2,14,9,64,0.891,129,0.589,216,0.384,0.581,0.614,9.2,5.4,11.2,1,5.6,0.3,1.06,0.74,5.9,124.5,105.2
,Brandon Knight,Cle,G,28.18,16,15.1,31.4,19.1,14.9,13,0.308,22,0.409,64,0.297,0.436,0.431,4.9,1.3,4.6,1.9,18,0.31,0.13,1,6.1,89.2,111.9
,Kevin Knox II,Nyk,F,20.49,50,18.6,38.8,18.1,8.1,86,0.651,159,0.421,168,0.327,0.457,0.487,7.1,3,8.6,1,8,0.4,0.38,0.64,6,100.3,108.4
,John Konchar,Mem,G,23.87,5,5.9,12.3,5.7,0,0,0,2,1,2,0,0.5,0.5,0.8,0.4,3.6,0.4,8.2,0,0,0,3.4,118.9,116.7
,Furkan Korkmaz,Phi,G-F,22.54,50,20.8,43.3,18,8.1,46,0.717,142,0.479,236,0.381,0.537,0.551,8.8,2.1,5.7,0.9,6.3,0.5,0.24,0.7,4.9,105.4,105.2
,Luke Kornet,Chi,C-F,24.56,32,14.8,30.8,16.6,6.5,26,0.731,66,0.606,94,0.266,0.484,0.507,5.4,2.3,8.5,0.9,9.2,0.31,0.78,0.38,6,107,105.1
,Kyle Korver,Mil,G-F,38.89,44,16.8,34.9,15.1,14.5,31,0.839,43,0.442,174,0.425,0.599,0.62,6.5,1.9,5.7,1.2,9.3,0.43,0.23,0.89,5.8,111.5,99.9
,Rodions Kurucs,Bro,F,22,32,13.2,27.6,15.5,20.3,22,0.636,62,0.516,54,0.463,0.599,0.609,4.8,2.4,9.3,0.9,9.9,0.41,0.06,1,6.6,104,97.3
,Kyle Kuzma,Lal,F,24.54,40,25,52.1,23.3,11.4,103,0.748,258,0.508,184,0.337,0.507,0.539,13.1,4.4,9.6,1.1,6.3,0.28,0.4,1.58,6.4,102.6,104.1
,Skal Labissiere,Por,F-C,23.89,33,17.2,35.8,14.3,15.7,33,0.758,134,0.582,13,0.231,0.561,0.588,5.8,5.1,15.3,1.3,10.3,0.21,0.94,0.91,7.8,119.6,99.8
,Jeremy Lamb,Ind,G-F,27.69,40,28.7,59.8,19.6,8.8,91,0.857,287,0.512,139,0.324,0.504,0.544,12.7,4.4,8.5,2.1,10.4,1.2,0.5,1.13,6.8,107.1,103.6
,Romeo Langford,Bos,G-F,20.28,15,9.7,20.2,11,13.4,10,0.8,18,0.667,10,0.2,0.536,0.586,2.5,0.9,4.8,0.2,2.7,0.2,0.2,0.33,3.2,111.2,106.2
,Zach LaVine,Chi,G-F,24.91,52,34.4,71.8,31.3,12.5,296,0.828,607,0.486,410,0.376,0.517,0.565,24.9,4.9,7.7,4.1,21.5,1.38,0.44,3.15,9.2,107,107
,Vic Law,Orl,F,24.13,2,1.9,3.9,22.1,0,2,0,0,0,1,0,0,0,0,0,0,0,0,0,0,0,0,,
,Jake Layman,Min,F,25.92,14,26.4,54.9,17.3,11.7,10,0.6,78,0.538,54,0.352,0.534,0.539,10.5,2.9,5.8,0.8,4.6,0.86,0.64,1.29,4.4,99.1,107.9
,TJ Leaf,Ind,F,22.77,22,8.2,17,18.7,7.9,10,0.6,52,0.442,14,0.357,0.462,0.476,3,2.7,18.2,0.3,4.7,0.32,0.14,0.27,6.6,103.3,99.2
,Jalen Lecque,Pho,G,19.65,3,7.2,15,17.4,11.3,2,1,4,0.75,3,0,0.429,0.508,2.7,0,0,0.3,6.5,0,0,0.33,0,96.5,110.3
,Courtney Lee,Dal,G,34.34,11,8.4,17.5,13.4,6.9,0,0,12,0.583,15,0.6,0.759,0.759,3.7,0.5,3.4,0.4,6.3,0,0.18,0.18,4.3,138.8,109.8
,Damion Lee,Gol,G-F,27.29,36,28,58.2,18.9,10.7,95,0.874,215,0.451,142,0.345,0.478,0.532,11.8,5,9.6,2.5,13.8,0.89,0.08,1.33,7.5,105.6,107.7
,Alex Len,Atl,C,26.64,40,18.6,38.8,18.7,11.9,81,0.63,205,0.624,56,0.25,0.571,0.588,8.7,5.8,16.7,1.1,8.8,0.5,0.83,1,8.2,114.1,103.1
,Kawhi Leonard,Lac,F,28.61,39,32.1,66.8,33.8,11.7,265,0.891,569,0.499,219,0.374,0.516,0.58,26.9,7.5,12,5.3,29,1.9,0.67,3.08,12.7,114.2,101
,Meyers Leonard,Mia,C,27.94,49,20.1,42,12,13,26,0.654,104,0.625,119,0.429,0.635,0.64,6.1,5,13.9,1.1,7.7,0.27,0.31,0.71,6.4,117.1,99.5
,Caris LeVert,Bro,G,25.45,25,26.4,55,27.9,14.1,89,0.685,246,0.398,94,0.362,0.438,0.473,14.4,3.6,6.9,3.6,21.5,0.76,0.12,2.48,8.7,94,105.8
,Damian Lillard,Por,G,29.56,49,37,77.1,30.4,10.5,387,0.889,503,0.527,490,0.394,0.558,0.625,29.7,4.3,6,7.9,35.2,1,0.31,2.8,10.8,126.1,113.9
,Nassir Little,Por,F-G,19.98,39,12.7,26.5,13.7,9.4,39,0.667,77,0.545,51,0.255,0.48,0.513,3.8,2.5,10.3,0.5,4.8,0.26,0.38,0.38,5.3,108.1,104.3
,Kevon Looney,Gol,F,24,13,11.1,23.2,16,11,8,0.75,41,0.39,4,0.25,0.389,0.423,3.2,3.2,15.5,0.8,10.2,0.46,0.31,0.46,7.3,101,102.2
,Brook Lopez,Mil,C,31.85,48,26.6,55.5,16.5,8.6,73,0.863,209,0.569,227,0.282,0.493,0.527,10.3,4.6,8.4,1.6,7.8,0.71,2.6,0.92,6.4,105.7,97.3
,Robin Lopez,Mil,C,31.85,46,14,29.2,16.6,15.4,41,0.537,137,0.628,65,0.277,0.559,0.564,5.4,2.7,9.4,0.7,6.4,0.15,0.7,0.87,6.2,104.7,98.7
,Kevin Love,Cle,F,31.41,45,31.4,65.4,23.6,14.6,168,0.851,286,0.538,306,0.382,0.557,0.602,17.8,9.8,17.3,3,15.1,0.6,0.33,2.53,10.3,111.7,110.2
,Kyle Lowry,Tor,G,33.87,40,36.6,76.3,23,14.2,233,0.858,247,0.506,325,0.348,0.515,0.585,19.7,4.6,6.6,7.3,29.5,1.25,0.4,2.8,9.5,116.7,101.2
,Timothe Luwawu-Cabarrot,Bro,G-F,24.75,25,15.3,31.9,14,14.8,30,0.767,45,0.467,51,0.431,0.563,0.6,5.2,2.1,7,0.6,5.1,0.44,0.04,0.76,4.9,108,100.4
,Trey Lyles,San,F,24.25,50,17.6,36.8,13.2,10.7,28,0.643,113,0.487,116,0.336,0.496,0.508,4.9,5.6,16.8,1.1,7.9,0.28,0.34,0.58,7.1,107.8,105.8
,Daryl Macon,Mia,G,24.19,4,3.5,7.3,15.7,40,0,0,1,0,2,0.5,0.5,0.5,0.8,0,0,0.3,9.6,0,0,0.5,0,,
,Josh Magette,Orl,G,30.19,8,4.7,9.9,24,23.9,2,0.5,11,0.364,4,0.25,0.367,0.378,1.5,0.8,8.4,0.6,20,0.38,0.13,0.63,7.6,70.9,97
,Ian Mahinmi,Was,C,33.25,29,22,45.8,16.1,16.6,88,0.636,145,0.545,22,0.227,0.518,0.557,7.9,6.1,15.1,1.4,8.6,0.79,1.34,1.41,7.4,109.8,104.4
,Thon Maker,Det,F-C,22.95,48,11.4,23.8,14.8,16.5,88,0.67,79,0.582,39,0.308,0.542,0.597,3.9,2.4,11.7,0.6,6.8,0.35,0.54,0.65,6.2,112.6,101.2
,Terance Mann,Lac,G-F,23.3,30,8.1,16.8,11.6,20.5,12,0.75,38,0.5,11,0.182,0.449,0.488,1.8,1,6.1,1.1,17,0.2,0.17,0.47,6.2,99.7,98.6
,Boban Marjanovic,Dal,C,31.48,24,9.9,20.7,26,13.1,34,0.706,103,0.573,8,0.25,0.559,0.587,6.2,4.4,23.2,0.4,7,0.17,0.21,0.79,9,112.6,93.7
,Lauri Markkanen,Chi,F-C,22.71,46,30.3,63.2,21.2,11.1,149,0.826,256,0.516,294,0.344,0.515,0.56,15,6.5,11.7,1.5,7.9,0.85,0.5,1.67,7,107.2,105.8
,Caleb Martin,Cha,F,24.36,5,6.4,13.3,20.9,19.7,5,0.6,7,0.429,3,0,0.3,0.369,1.8,1,8.6,0.6,13.9,0.2,0.4,0.6,6.4,74.6,106.4
,Cody Martin,Cha,F,24.36,37,16,33.3,13.8,13.5,45,0.667,87,0.54,54,0.259,0.482,0.516,4.5,2.8,9.6,1.4,12.9,0.73,0.16,0.68,6.5,106.5,105.3
,Jeremiah Martin,Bro,G,23.63,2,5.5,11.4,15.3,0,0,0,4,0.25,0,0,0.25,0.25,1,0.5,4.7,0.5,12.5,0.5,0,0,4.6,68.3,109.5
,Kelan Martin,Min,F,24.51,21,17.5,36.5,16.5,8.1,12,1,62,0.5,68,0.265,0.446,0.473,6.1,3.4,10.2,0.5,4,0.29,0.33,0.57,5,93.7,103.7
,Frank Mason,Mil,G,25.84,4,4.4,9.2,22.7,10.2,4,0.5,3,0,4,0.25,0.214,0.285,1.3,0.5,5.6,1.3,32.9,0.25,0,0.25,8.6,86.1,95.1
,Garrison Mathews,Was,G,23.28,15,13.1,27.3,15,9.8,32,0.906,8,0.625,42,0.429,0.64,0.726,6.2,1.5,6.4,0.7,6.6,0.2,0.07,0.47,5.7,138.9,109.1
,Wesley Matthews,Mil,G,33.31,47,24.2,50.4,12.4,9.3,51,0.765,91,0.495,197,0.371,0.536,0.56,7.4,2.4,4.9,1.4,7.4,0.6,0.15,0.68,4.8,109.9,101.5
,Patrick McCaw,Tor,G,24.28,27,24.6,51.3,10,15.5,14,0.714,73,0.521,52,0.365,0.532,0.545,5.3,2.1,4.4,2.3,12.6,1.07,0.15,0.89,4.8,109.2,104.7
,CJ McCollum,Por,G,28.38,47,35.6,74.2,25.7,8.1,105,0.762,563,0.494,324,0.38,0.521,0.538,21.4,4,5.8,3.7,16.8,0.77,0.68,1.74,7.7,109,111.9
,T.J. McConnell,Ind,G,27.87,49,19.3,40.2,17.3,17.8,33,0.818,278,0.532,12,0.333,0.531,0.55,6.8,2.7,7.8,5.4,39.3,0.67,0.18,1.35,9.6,115.9,107.1
,Jalen McDaniels,Cha,F-C,22.01,2,3.3,6.8,33.7,0,0,0,4,0.5,1,0,0.4,0.4,2,0.5,8.4,0,0,0,0,0,0,,
,Doug McDermott,Ind,F,28.09,51,21,43.7,19.2,6.9,43,0.814,194,0.526,221,0.452,0.607,0.621,10.6,2.6,7,1.1,7.9,0.14,0.1,0.63,5.9,117.6,106
,JaVale McGee,Lal,C-F,32.05,47,16.9,35.2,15.8,12.1,67,0.642,226,0.655,5,0.6,0.66,0.668,7.4,5.9,19,0.7,5.7,0.51,1.66,0.77,7.4,128.2,93.2
,Rodney McGruder,Lac,G,28.52,39,16.7,34.8,10.3,11.1,23,0.522,63,0.492,71,0.268,0.444,0.454,3.4,2.9,8.9,0.6,4.7,0.51,0.21,0.46,4.3,95.8,100.4
,Alfonzo McKinnie,Cle,F,27.38,35,14.3,29.8,14.9,12.7,27,0.704,86,0.535,54,0.222,0.457,0.484,4.2,2.9,11.1,0.4,3.6,0.54,0.17,0.63,4.7,96.9,104.8
,Jordan McLaughlin,Min,G,23.83,16,18.4,38.4,14.9,11.3,14,0.643,47,0.489,41,0.317,0.483,0.499,5.9,1.6,4.6,3.4,26.9,1,0,0.75,6.9,110.8,110.2
,Ben McLemore,Hou,G,26.98,50,23.8,49.5,16.1,8.8,56,0.75,66,0.697,336,0.384,0.596,0.611,10.4,2.2,4.8,0.9,5.6,0.64,0.24,0.82,4.6,116.4,106.3
,Jordan McRae,Was,G,28.86,29,22.5,47,24.8,9.7,83,0.771,211,0.441,106,0.377,0.483,0.523,12.8,3.6,8.7,2.8,18.5,0.66,0.52,1.31,9,106.5,111.2
,Nicolo Melli,Nor,0,29.03,39,14.9,31.1,15.3,13.3,37,0.811,63,0.603,109,0.367,0.57,0.6,5.8,2.5,8.9,1,9.4,0.56,0.23,0.74,6.5,113.2,103.3
,De'Anthony Melton,Mem,G,21.69,38,18,37.6,20.1,17,74,0.838,176,0.511,65,0.308,0.498,0.552,7.9,3.7,11,3,22.6,1.26,0.34,1.47,9.9,107.8,102.2
,Chimezie Metu,San,F-C,22.88,15,4.3,8.9,23.9,8.4,8,0.75,29,0.552,0,0,0.552,0.584,2.5,1.5,19.1,0.3,12.6,0.07,0.27,0.2,9.7,121.2,109.8
,Khris Middleton,Mil,F,28.49,43,29.2,60.8,25.6,10.8,151,0.901,399,0.546,229,0.441,0.588,0.63,20.3,5.9,9.9,4.2,21.7,0.95,0.16,1.95,10.9,121.3,97.3
,Eric Mika,Sac,C,25.09,1,19.1,39.8,8.9,0,2,1,3,0.667,0,0,0.667,0.773,6,7,20.7,0,0,0,0,0,0,170.7,84.4
,CJ Miles,Was,G,32.89,10,16.1,33.5,18.5,5.6,20,0.75,24,0.333,35,0.314,0.415,0.472,6.4,1.2,4.1,1.2,9.7,1,0.4,0.4,5.2,103.4,112.2
,Malcolm Miller,Tor,G-F,26.92,22,5.3,11.1,9.8,11.3,6,0.167,5,0.4,16,0.313,0.452,0.423,0.9,0.6,6.3,0.4,8.8,0.18,0.09,0.14,4.5,90.2,100.3
,Paul Millsap,Den,F,34.99,32,24.9,51.9,19.8,11.5,96,0.885,207,0.488,75,0.413,0.523,0.586,11.9,5.8,12.8,1.4,8.2,0.88,0.69,1.31,7.4,116,99.2
,Patty Mills,San,G,31.49,50,23.2,48.4,20.2,8.1,80,0.825,153,0.503,312,0.391,0.559,0.586,11.7,1.6,3.8,2,12.3,0.86,0.1,0.88,5.8,114.1,111
,Shake Milton,Phi,G-F,23.36,18,15,31.2,20.3,15.8,29,0.759,43,0.581,51,0.333,0.537,0.576,6.8,2.1,7.8,1.4,14.1,0.39,0.06,1.11,7.2,105.2,98.3
,Donovan Mitchell,Uta,G,23.41,49,34.3,71.6,31.2,10.3,223,0.861,652,0.503,325,0.36,0.515,0.558,24.5,4.3,6.8,4.2,21.7,1.12,0.22,2.53,8.9,109.9,103.8
,Naz Mitrou-Long,Ind,G,26.51,3,14.2,29.5,18.7,11.1,0,0,5,0.8,11,0.182,0.438,0.438,4.7,2,7.8,2.3,22.5,0.33,0.33,0.67,7.8,94.1,110.5
,Adam Mokoka,Chi,G,21.55,5,3.3,7,23.1,0,0,0,5,0,4,0,0,0,0,0.8,13.1,0,0,0.2,0,0,0,,
,Malik Monk,Cha,G,22,49,20.3,42.4,22.1,12.7,79,0.81,235,0.545,169,0.266,0.484,0.519,9.3,2.8,7.5,2,16.7,0.41,0.29,1.31,7.4,101,110.5
,Matt Mooney,Cle,G,23,2,2.3,4.8,18.6,0,0,0,1,1,1,0,0.5,0.5,1,0.5,12,0.5,35.6,0,0.5,0,11,,
,E'Twaun Moore,Nor,G,30.95,38,20.1,41.8,21.3,7.4,37,0.649,210,0.467,139,0.374,0.504,0.515,9.9,2.6,6.9,1.6,12.1,0.55,0.18,0.76,6.9,105.2,109.4
,Ja Morant,Mem,G,20.49,45,29.8,62,25.9,17.5,192,0.781,506,0.52,93,0.387,0.529,0.574,17.4,3.4,6,7,35,1.02,0.27,3.22,10,109.5,111.4
,Juwan Morgan,Uta,F,22.81,11,4,8.4,8.9,22.2,0,0,3,1,4,0.25,0.643,0.643,0.8,0.7,9.8,0.1,3,0,0.09,0.18,3.8,108.1,105.3
,Marcus Morris Sr.,Nyk,F,30.43,43,32.3,67.2,24.3,9.2,198,0.823,372,0.444,264,0.439,0.533,0.582,19.6,5.4,8.8,1.4,6.9,0.77,0.4,1.7,6.6,112.9,107.2
,Markieff Morris,Det,F,30.43,42,22.5,47,21.5,14,75,0.773,193,0.503,178,0.393,0.544,0.572,11,3.9,9.7,1.5,10.6,0.62,0.21,1.57,7.1,103.9,104.1
,Monte Morris,Den,G,24.61,52,20.9,43.6,17.4,8,48,0.813,274,0.474,110,0.391,0.507,0.528,8.2,1.8,4.7,3.6,24.5,0.69,0.21,0.67,7.2,116.1,109.5
,Johnathan Motley,Lac,F,24.76,9,2.1,4.4,23.4,36.8,2,1,5,0.6,1,1,0.75,0.799,1.2,0.4,10.7,0.6,39.9,0.33,0,0.44,12.6,,
,Emmanuel Mudiay,Uta,G,23.92,43,16.2,33.8,21.7,17.6,55,0.727,192,0.516,69,0.348,0.517,0.543,7.2,2.4,8.1,2.4,22.3,0.37,0.21,1.42,8.5,103.3,102.5
,Dejounte Murray,San,G,23.38,46,24.2,50.5,20.1,17.9,71,0.761,328,0.506,66,0.364,0.513,0.539,10,5.7,12.6,3.7,22,1.65,0.28,2.02,9.8,104.2,102.7
,Jamal Murray,Den,G,22.95,42,31.9,66.5,25.2,11.5,142,0.901,419,0.494,214,0.332,0.495,0.543,18,4,6.8,4.6,22.2,1.29,0.29,2.14,8.7,109.2,107.3
,Dzanan Musa,Bro,G-F,20.75,35,11.6,24.1,19.3,15.5,44,0.75,74,0.473,65,0.231,0.414,0.467,4.2,2,9,0.9,10.9,0.37,0.03,0.83,6.8,93,105.4
,Mike Muscala,Okc,F-C,28.6,35,12.8,26.6,16,8,22,0.818,33,0.515,107,0.346,0.518,0.544,4.7,2.4,10.5,0.9,9.8,0.2,0.23,0.37,6.8,110.6,101
,Svi Mykhailiuk,Det,G-F,22.66,46,22.2,46.2,16.2,11.8,54,0.852,91,0.451,221,0.425,0.583,0.611,8.9,1.7,4.2,1.7,10.7,0.63,0.09,0.98,5.3,114.5,110.6
,Abdel Nader,Okc,F,26.37,35,15.6,32.5,16.2,14.4,37,0.811,76,0.579,80,0.363,0.561,0.595,5.9,1.5,5.2,0.7,6.3,0.37,0.34,0.83,4.7,106.5,104.7
,Larry Nance Jr.,Cle,F-C,27.1,43,25,52,14.8,11,51,0.647,188,0.638,121,0.355,0.597,0.606,9.3,7.3,16.1,2,11.8,0.79,0.44,0.95,8.2,121.6,109.5
,Shabazz Napier,Min,G,28.57,36,23.8,49.6,19.2,19.1,88,0.818,124,0.54,159,0.296,0.486,0.539,9.6,3.1,6.7,5.2,32,1.14,0.19,2.11,9,107.5,107.5
,Raul Neto,Phi,G,27.72,42,11.4,23.7,17.7,18,18,0.778,89,0.483,63,0.381,0.52,0.538,4.1,1.1,5.4,1.5,18.9,0.48,0.12,0.83,6.6,101.7,103.7
,Georges Niang,Uta,F,26.64,44,13.8,28.8,16.3,8.4,18,0.833,64,0.531,136,0.426,0.605,0.618,5.8,1.8,7.2,0.7,7,0.27,0.11,0.43,5.6,117.8,102.6
,Nerlens Noel,Okc,C-F,25.83,42,19.1,39.8,15.6,15.4,82,0.805,202,0.688,3,0.333,0.685,0.72,8.3,5.3,15.3,1.2,9.3,1.1,1.52,1.05,7.9,132.6,94.7
,Zach Norvell Jr.,Lal,G-F,22.16,2,2.5,5.1,8.6,0,0,0,1,0,0,0,0,0,0,0.5,11.1,0,0,0,0,0,0,,
,Jaylen Nowell,Min,G,20.83,8,11.4,23.6,18.8,7.2,10,0.9,16,0.625,18,0.111,0.382,0.456,4.4,0.9,4,1,12.9,0,0,0.38,5.6,99.6,112.4
,Frank Ntilikina,Nyk,G,21.53,45,21,43.8,15.1,17.5,40,0.875,154,0.429,107,0.318,0.448,0.483,6,2.2,5.6,3,20,0.93,0.36,1.31,6.5,98.8,103.9
,Kendrick Nunn,Mia,G,24.51,47,30.2,63,23.5,11.2,73,0.822,376,0.527,264,0.36,0.532,0.551,15.8,2.8,5.1,3.5,19.2,0.89,0.19,1.81,7.1,106,105.5
,David Nwaba,Bro,G-F,27.06,20,13.4,28,14.1,8.8,27,0.667,43,0.581,28,0.429,0.606,0.627,5.2,2.3,8.6,0.4,4.3,0.55,0.6,0.4,5,119.7,98.4
,Semi Ojeleye,Bos,F,25.17,48,15,31.2,8.4,6.3,25,0.88,48,0.458,74,0.365,0.512,0.553,3.1,1.9,6.7,0.5,4.4,0.35,0.08,0.19,3.8,118.9,104
,Jahlil Okafor,Nor,C-F,24.14,25,16.1,33.5,20.2,17.7,57,0.649,136,0.618,2,0.5,0.62,0.638,8.3,4.5,14.7,1.4,13.3,0.2,0.76,1.4,9.3,116.2,100.5
,Elie Okobo,Pho,F-G,22.29,41,12.9,26.9,15.1,11.2,59,0.678,84,0.417,57,0.368,0.472,0.518,4.2,1.6,6.7,2.1,22.1,0.44,0.1,0.51,7.5,113.1,107.1
,Josh Okogie,Min,G,21.43,48,24.4,50.8,16,15.5,152,0.783,193,0.513,123,0.244,0.456,0.531,8.5,4.4,9.4,1.6,9.1,1.1,0.44,1.46,6.4,104.3,105.5
,KZ Okpala,Mia,F-G,20.78,4,1.2,2.4,9.6,100,0,0,0,0,0,0,,,0,0.3,12.2,0,0,0,0,0.25,0,,
,Victor Oladipo,Ind,G,27.76,4,22.9,47.7,29.6,8.1,8,0.875,26,0.308,27,0.185,0.292,0.336,9.5,1.5,3.6,2.3,13.5,0.5,0.25,1.25,5.6,73.4,113.4
,Kelly Olynyk,Mia,C,28.8,44,19.8,41.2,16.3,14.3,68,0.868,104,0.538,142,0.401,0.575,0.62,7.8,4.6,13.1,1.3,9.3,0.61,0.32,1.05,7.3,114.7,96.8
,Royce O'Neale,Uta,F,26.67,50,29.2,60.8,8.8,13.4,27,0.852,92,0.522,149,0.409,0.579,0.597,6,5.1,9.6,2.6,11.9,0.74,0.36,0.78,5.9,120.3,99.5
,Miye Oni,Uta,G-F,22.51,3,2.8,5.8,5.2,100,0,0,0,0,0,0,,,0,0.3,6.5,0,0,0,0,0.33,0,,
,Kyle O'Quinn,Phi,C-F,29.87,22,10.1,21,17,20.7,11,0.455,43,0.581,21,0.333,0.555,0.552,3.5,3.7,20.2,1.5,20.8,0.18,0.77,0.82,10.6,110.2,95.2
,Cedi Osman,Cle,F,24.83,52,28.9,60.2,16.5,12.4,68,0.647,228,0.513,249,0.394,0.553,0.564,11,3.4,6.5,2.4,11.9,0.85,0.27,1.38,6.2,108.4,110.4
,Kelly Oubre Jr.,Pho,F-G,24.16,49,34.5,71.8,22.5,8.7,225,0.782,455,0.51,263,0.354,0.517,0.562,18.8,6.7,10.6,1.6,6.9,1.31,0.71,1.59,6.8,108.8,103.1
,Tariq Owens,Pho,F,24.6,2,5.3,11,16,0,0,0,3,0.333,1,0,0.25,0.25,1,1,10.4,0,0,0.5,0,0,0,82.9,114.2
,Jabari Parker,Atl,F,24.9,32,26.2,54.5,24,12.4,72,0.736,278,0.601,115,0.27,0.543,0.565,15,6,12.3,1.8,11.7,1.31,0.47,1.88,8.3,106,104.8
,Chandler Parsons,Atl,F,31.28,5,10.8,22.6,16.1,14.3,0,0,4,0.25,14,0.286,0.389,0.389,2.8,1.4,7,0.6,7.5,0.8,0.2,0.6,4.9,76.7,110.9
,Eric Paschall,Gol,F,23.25,47,26.9,56,21.6,10.8,160,0.769,403,0.531,97,0.289,0.512,0.557,13.5,4.7,9.4,1.7,10.7,0.55,0.23,1.47,7.1,107.4,109.6
,Anzejs Pasecniks,Was,C,24.13,19,19.5,40.6,16.4,15.1,50,0.62,100,0.54,2,0,0.529,0.56,7.3,4.9,13.8,0.9,6.2,0.42,0.53,1.16,6.5,109.8,104.2
,Patrick Patterson,Lac,F,30.9,44,13,27,14.8,6.8,34,0.794,44,0.477,132,0.371,0.537,0.566,4.9,2.6,10.3,0.7,6.9,0.14,0.07,0.32,6.4,118.1,104.3
,Justin Patton,Okc,C,22.65,5,4.8,10.1,21.8,16.7,0,0,6,0.5,4,0.25,0.45,0.45,1.8,1,11.4,0.4,12.4,0,0,0.4,7.5,85.6,95
,Chris Paul,Okc,G,34.75,50,31.6,65.9,22.7,12.8,198,0.899,401,0.544,222,0.356,0.54,0.599,17,5.1,8.8,6.6,32.5,1.6,0.12,2.08,10.5,120.2,102
,Gary Payton II,Was,G,27.18,21,19.2,40,13.2,14.8,8,0.5,67,0.478,39,0.282,0.458,0.461,4.8,3.5,9.9,2.1,14.4,1.52,0.33,0.9,6.8,101.6,106.1
,Elfrid Payton,Nyk,G,25.95,32,26.8,55.9,19.1,15.8,41,0.488,255,0.467,53,0.226,0.445,0.451,9.2,4.6,8.9,6.7,37.8,1.44,0.44,1.91,9.8,102.4,107.6
,Norvel Pelle,Phi,F,27.01,14,11.1,23.2,11.8,25.9,10,0.5,27,0.556,0,0,0.556,0.557,2.5,3.6,18.1,0.5,6,0.07,1.43,0.79,5.9,97.3,88.1
,Theo Pinson,Bro,G-F,24.25,28,12.2,25.4,23.1,16.9,16,0.938,73,0.397,77,0.195,0.343,0.376,4.2,1.7,7.2,1.9,21.8,0.54,0.07,1.14,7.8,80.7,101.5
,Mason Plumlee,Den,F-C,29.92,43,17.4,36.3,18.5,19.2,114,0.553,206,0.617,4,0,0.605,0.609,7.4,5.5,17.4,2.4,20.4,0.51,0.6,1.44,10.6,115.5,96.2
,Jakob Poeltl,San,C,24.31,50,17.5,36.4,13,15.2,63,0.508,195,0.621,0,0,0.621,0.615,5.5,5.6,17.2,1.8,14.2,0.48,1.58,0.8,8.7,125.4,103.3
,Vincent Poirier,Bos,C-F,26.28,17,5.8,12.2,15.5,13.9,7,0.857,26,0.462,2,0.5,0.482,0.531,1.9,1.8,16.8,0.4,9.6,0.12,0.35,0.29,7.7,111,86.7
,Shamorie Ponds,Tor,G,19.72,4,2.7,5.5,23.8,0,2,1,3,0.667,2,0.5,0.7,0.765,2.3,0.3,5,0.5,33.9,0,0.25,0,10.4,,
,Jordan Poole,Gol,G,20.63,45,21,43.8,20.4,9.7,85,0.824,171,0.304,201,0.264,0.353,0.407,7.4,1.9,4.9,1.9,13.5,0.6,0.2,0.98,5.7,85.4,110.5
,Kevin Porter Jr.,Cle,G-F,19.76,40,22.3,46.5,20.5,18.3,73,0.712,198,0.515,119,0.336,0.511,0.538,9.4,3.1,7.8,1.9,12.9,0.9,0.18,1.95,6.8,96.6,105.3
,Michael Porter Jr.,Den,F,21.61,39,14.2,29.7,22.1,10.5,39,0.795,150,0.553,88,0.432,0.588,0.609,8,4.4,16.9,0.7,8.2,0.44,0.46,0.77,8.2,115.7,96.5
,Otto Porter Jr.,Chi,F,26.68,9,25.1,52.3,18.9,7,20,0.75,44,0.432,40,0.4,0.512,0.544,11.2,3.4,7.5,1.6,9.6,1,0.33,0.78,6.3,110.8,104.6
,Bobby Portis,Nyk,F,24.99,51,21,43.8,20.6,10.2,67,0.731,291,0.478,147,0.354,0.495,0.517,9.5,5.3,13.2,1.5,11.4,0.55,0.2,1.04,8.1,105.4,106.5
,Kristaps Porzingis,Dal,F-C,24.52,39,30.6,63.7,26.3,8.8,166,0.771,340,0.456,257,0.35,0.486,0.528,18.2,9.1,15.5,1.4,7,0.69,1.87,1.67,8,106.2,100.6
,Dwight Powell,Dal,F-C,28.55,40,26.5,55.2,12.7,11.8,111,0.667,190,0.716,39,0.256,0.659,0.677,9.4,5.7,11.2,1.5,7.7,0.88,0.53,0.93,6.5,132.6,103.4
,Norman Powell,Tor,G,26.7,38,28.2,58.8,20.9,10.9,100,0.84,229,0.581,192,0.401,0.59,0.625,15.3,3.8,7.2,1.7,9.3,1.26,0.37,1.5,6.6,114.9,102.1
,Taurean Prince,Bro,F,25.88,50,29.7,61.9,19.9,14.1,63,0.794,240,0.438,341,0.352,0.491,0.509,12.4,6.4,11.1,2,10.2,0.94,0.38,2,7.3,95.8,101.6
,Julius Randle,Nyk,C-F,25.19,49,32.5,67.7,27.4,14.4,261,0.709,568,0.514,199,0.266,0.484,0.526,18.9,9.5,15.3,3.2,16.7,0.82,0.27,3.02,10.2,102.2,105.4
,Josh Reaves,Dal,G-F,22.67,2,0.8,1.6,28.5,0,0,0,1,0,0,0,0,0,0,0,0,0,0,0,0,0,0,,
,Cam Reddish,Atl,F-G,20.43,46,26,54.2,18.3,14,90,0.789,227,0.383,188,0.309,0.419,0.461,9.1,3.8,7.8,1.5,8.4,1.02,0.48,1.61,5.7,89.2,109.4
,JJ Redick,Nor,G,35.62,46,27.3,56.9,19.5,9.4,143,0.888,181,0.436,298,0.463,0.597,0.645,15.2,2.7,5.1,1.8,9.7,0.35,0.17,1.22,6.1,122.3,112.7
,Naz Reid,Min,C-F,20.45,16,10.6,22.2,27.5,8.8,14,0.643,45,0.511,52,0.327,0.5,0.514,6.6,2.1,10.4,0.8,13.1,0.31,0.5,0.63,8.4,101.7,93.7
,Josh Richardson,Phi,G,26.39,38,31.5,65.7,21.9,13.2,110,0.818,296,0.5,183,0.333,0.5,0.539,15,3.3,5.8,3.4,16.2,0.97,0.61,2.11,7,104.4,103.6
,Austin Rivers,Hou,G,27.51,46,23.8,49.5,15,7,69,0.667,160,0.519,183,0.339,0.513,0.533,8.7,2.5,5.4,1.7,9.6,0.7,0.2,0.61,5.6,111.5,106.8
,Glenn Robinson III,Gol,F,26.08,48,31.6,65.8,16.6,8.7,74,0.851,336,0.524,170,0.4,0.549,0.575,12.9,4.7,7.9,1.8,8.9,0.94,0.29,1.06,6,112.2,112.2
,Duncan Robinson,Mia,F,25.79,50,28.5,59.4,15.3,7.1,44,0.886,55,0.6,386,0.435,0.646,0.661,12.2,3.2,6.4,1.2,6.3,0.52,0.24,0.7,5.1,122.4,102.7
,Jerome Robinson,Lac,G,22.95,42,11.3,23.6,14.8,15.3,19,0.579,69,0.391,67,0.284,0.408,0.423,2.9,1.4,6.5,1.1,12.6,0.31,0.19,0.62,5.8,87.2,99.4
,Justin Robinson,Was,G,22.32,9,5.4,11.3,12.8,20,0,0,7,0.286,5,0.6,0.542,0.542,1.4,0.6,5.6,0.8,18.4,0,0.11,0.33,6.5,105.3,119.9
,Mitchell Robinson,Nyk,C-F,21.85,47,22.6,47.1,13.2,9.4,108,0.602,252,0.722,0,0,0.722,0.716,9.1,6.7,15.5,0.6,3.9,0.85,1.83,0.66,5.9,138.4,99
,Isaiah Roby,Okc,F,22.01,1,1.5,3.1,29.4,0,0,0,1,0,0,0,0,0,0,0,0,0,0,0,0,0,0,,
,Rajon Rondo,Lal,G,33.95,34,21.2,44.1,19.2,20.8,31,0.742,154,0.468,91,0.33,0.478,0.497,7.6,3.5,8.9,5.5,34.8,0.82,0.06,2,9.9,104.3,104.4
,Derrick Rose,Det,G,31.34,44,26.4,55.1,30.9,13,128,0.859,536,0.543,130,0.315,0.529,0.564,18.5,2.5,5.4,5.8,40.7,0.8,0.32,2.45,9.8,111.6,112.9
,Terrence Ross,Orl,G-F,29,49,26.3,54.8,22.5,6.8,120,0.833,231,0.481,336,0.327,0.487,0.526,13.3,3,6.1,1,6.4,1.08,0.31,0.92,5.2,103,105.3
,Terry Rozier,Cha,G,25.89,51,34.3,71.4,24.1,12.7,166,0.861,419,0.446,347,0.386,0.507,0.548,18,4.5,7.1,4.2,20.8,1.06,0.16,2.39,8.1,106.8,110.6
,Ricky Rubio,Pho,G,29.29,43,31.8,66.3,20,17.5,131,0.817,335,0.427,141,0.333,0.449,0.5,12.4,4.5,7.7,8.7,38.3,1.42,0.21,2.63,9.9,107.2,105.9
,D'Angelo Russell,Gol,G,23.95,33,32.1,66.9,32.1,12.6,144,0.785,314,0.487,321,0.374,0.524,0.558,23.6,3.7,6.1,6.2,36.4,0.91,0.27,3.06,10.2,106.4,111.7
,Domantas Sabonis,Ind,F-C,23.76,48,34.5,72,23.4,15.1,228,0.728,596,0.565,50,0.24,0.55,0.587,18.3,12.6,20.3,4.7,20.7,0.73,0.52,2.77,11.9,115,98.3
,JaKarr Sampson,Ind,F,26.88,18,13.8,28.8,12.3,8.6,10,0.4,48,0.688,11,0.182,0.61,0.599,4.2,2.4,9.6,0.2,2.2,0.33,0.44,0.33,3.7,113.7,99.8
,Dario Saric,Pho,F,25.83,48,24.8,51.6,17.1,12.3,68,0.853,206,0.558,185,0.314,0.517,0.549,9.6,6,13.3,1.9,10.8,0.63,0.25,1.23,7.7,108.5,104.4
,Tomas Satoransky,Chi,G,28.27,52,28.7,59.7,16.6,17.6,100,0.88,270,0.507,162,0.34,0.508,0.554,10.1,3.7,7,5.3,27.4,1.33,0.13,1.96,8.1,112,106.5
,Admiral Schofield,Was,G-F,22.86,26,11.2,23.4,12.3,8.1,13,0.692,28,0.571,46,0.304,0.5,0.521,3.2,1.3,6.3,0.5,6.1,0.31,0.12,0.27,4.6,106.3,107.3
,Dennis Schroder,Okc,G,26.39,50,31.2,65,27.3,13.7,171,0.83,490,0.522,268,0.388,0.544,0.58,19.3,3.9,6.9,4.2,22.3,0.68,0.24,2.64,8.7,108.1,105
,Mike Scott,Phi,F,31.56,51,17.7,36.8,14.1,6.4,27,0.889,91,0.516,173,0.341,0.513,0.535,5.8,3.4,10.7,0.6,4.6,0.31,0.08,0.37,5.1,110.5,104.3
,Thabo Sefolosha,Hou,F-G,35.76,34,10.8,22.4,10.3,12,6,0.167,30,0.6,48,0.313,0.519,0.508,2.4,2.4,11.5,0.7,8.2,0.5,0.24,0.32,5.9,108.7,101.7
,Collin Sexton,Cle,G,21.09,52,32.2,67.2,27,10.6,193,0.855,673,0.489,189,0.37,0.503,0.545,19.9,3.3,5.6,2.6,13.8,1,0.13,2.15,6.9,107,113.5
,Landry Shamet,Lac,G,22.9,34,28.6,59.5,13.3,8.6,42,0.905,65,0.523,203,0.399,0.58,0.609,10.3,2.1,3.8,1.9,9,0.41,0.18,0.79,4.8,119.8,102.4
,Iman Shumpert,Bro,G,29.61,13,18.5,38.6,13.4,13,7,0.571,31,0.419,33,0.242,0.391,0.403,4.2,2.6,7.3,0.9,6.7,0.92,0.15,0.77,4.6,84.8,102.4
,Pascal Siakam,Tor,F,25.85,40,34.9,72.7,29.1,10.3,202,0.807,528,0.502,233,0.365,0.516,0.558,23.7,7.7,11.6,3.5,16.9,1.03,0.9,2.45,9.9,108.2,99.5
,Chris Silva,Mia,F,23.38,34,7.8,16.3,17.7,28.1,43,0.674,56,0.696,2,0,0.672,0.696,3.1,2.9,20.6,0.4,8.5,0.24,0.47,0.88,7.9,118.4,81.7
,Ben Simmons,Phi,F,23.55,49,36.1,75.3,20.7,20.1,260,0.627,555,0.586,6,0.333,0.585,0.606,16.7,7.8,11.9,8.2,34.7,2.16,0.59,3.47,11.3,116.2,99
,Anfernee Simons,Por,G,20.66,51,22.6,47.1,18.6,10.1,71,0.803,251,0.466,173,0.318,0.471,0.501,8.9,2.5,5.6,1.5,9.2,0.33,0.18,1,5.7,100.4,110.3
,Alen Smailagic,Gol,F,19.47,9,10.3,21.4,17.7,13,10,0.8,20,0.7,9,0.222,0.586,0.629,4.7,2.4,12.7,0.9,14,0.11,0.33,0.56,8.4,120.1,105.8
,Marcus Smart,Bos,G,25.92,39,31.5,65.6,18.3,11.4,83,0.831,177,0.418,253,0.352,0.483,0.519,12.4,3.6,6.2,4.8,21,1.51,0.49,1.54,7.6,110.7,102.4
,Dennis Smith Jr.,Nyk,G,22.2,26,16,33.4,22.4,18.6,44,0.477,114,0.36,46,0.304,0.388,0.404,5.6,2.2,7.1,2.9,26.3,0.62,0.27,1.58,8.2,85.8,104
,Ish Smith,Was,G,31.59,49,26.2,54.6,18.7,11,64,0.672,363,0.496,125,0.352,0.504,0.518,10.9,3,6.3,4.6,24.9,0.84,0.37,1.31,8.1,109.4,116
,Zhaire Smith,Phi,G,20.67,5,5.8,12.1,19,7.8,4,0.5,7,0.286,3,0,0.2,0.255,1.2,0.4,3.8,0.4,8.9,0.6,0,0.2,4,60.4,96.9
,Tony Snell,Det,G,28.24,46,26.9,56.1,11.4,6.5,21,1,93,0.516,202,0.411,0.585,0.601,8,1.8,3.8,1.7,8.6,0.48,0.24,0.46,4.3,120.5,112
,Omari Spellman,Gol,F,22.55,49,18.1,37.7,18.7,13.6,92,0.793,185,0.454,110,0.391,0.503,0.551,7.6,4.4,13.1,1,8.2,0.67,0.49,1.08,7.1,106.6,108.3
,Max Strus,Chi,G-F,23.86,2,3.1,6.5,23.7,0,1,1,2,1,1,0,0.667,0.727,2.5,0.5,8.8,0,0,0,0,0,0,,
,Edmond Sumner,Ind,G,24.1,19,13.7,28.5,16.9,14,13,0.615,54,0.5,26,0.308,0.488,0.502,4.5,1.4,5.5,1.5,14.6,0.63,0.32,0.74,6.2,99.9,102.2
,Caleb Swanigan,Sac,F,22.8,7,3.3,6.8,20.8,55.1,2,0.5,4,0.5,0,0,0.5,0.512,0.7,1,17.3,0.3,11.9,0.14,0.29,0.86,7.2,,
,Jayson Tatum,Bos,F-G,21.93,46,33.7,70.3,28,9.2,190,0.842,534,0.472,307,0.375,0.505,0.546,21.9,6.8,10.9,2.9,13.8,1.41,0.85,2.04,9,108.5,102.4
,Jeff Teague,Min,G,31.66,34,27.8,57.9,20.3,16.4,144,0.868,238,0.471,87,0.379,0.497,0.577,13.2,2.6,4.9,6.1,33.2,0.74,0.38,2.24,8.5,115.6,109.4
,Garrett Temple,Bro,G-F,33.75,45,28.4,59.1,16.7,10.2,60,0.75,148,0.48,284,0.324,0.484,0.505,10.3,3.4,6.1,2.4,12.2,0.82,0.44,1.16,6.2,102.7,106.2
,Daniel Theis,Bos,F,27.84,45,22.6,47.1,14.2,11,67,0.701,211,0.616,60,0.317,0.585,0.606,8.1,6.1,14.5,1.6,9.8,0.67,1.4,0.82,7.6,124.4,93.2
,Isaiah Thomas,Was,G,31,40,23.1,48.2,24,14.2,76,0.816,237,0.405,189,0.413,0.5,0.531,12.2,1.7,4,3.7,22.7,0.33,0.15,1.9,7.4,103.2,115.1
,Khyri Thomas,Det,G,23.75,2,2.8,5.8,6.8,0,2,0.5,0,0,0,0,,0.568,0.5,0,0,0,0,0,0,0,0,,
,Matt Thomas,Tor,G,25.51,21,10.6,22.1,15.4,10,7,0.714,19,0.526,50,0.46,0.645,0.652,4.5,1.2,6.1,0.6,7.8,0.19,0,0.38,5.6,119.2,103.1
,Tristan Thompson,Cle,C-F,28.9,48,31,64.5,18,15,138,0.638,462,0.513,9,0.333,0.513,0.537,11.9,10.4,18.6,2.1,10.1,0.63,0.92,1.96,8.2,109.5,109.5
,Matisse Thybulle,Phi,G-F,22.93,43,20.1,41.8,11.9,16.5,36,0.639,65,0.431,117,0.376,0.516,0.533,4.9,1.6,4.3,1.2,8.1,1.47,0.81,0.91,4.2,100.5,97.8
,Anthony Tolliver,Por,F,34.68,33,16.8,35,11.2,14.3,19,0.684,28,0.464,89,0.337,0.496,0.515,3.9,3.3,10.2,0.9,6.7,0.24,0.27,0.64,5.4,105.4,107.4
,Karl-Anthony Towns,Min,C-F,24.23,33,33.8,70.5,29.3,12.9,210,0.805,330,0.588,266,0.406,0.597,0.64,26.7,10.8,16.7,4.2,22.5,0.94,1.21,3.09,12.6,120,102.2
,Gary Trent Jr.,Por,G-F,21.05,38,16.5,34.5,14.9,5,16,0.875,76,0.434,127,0.394,0.532,0.548,6.1,1.5,4.6,0.8,7,0.53,0.24,0.29,4.7,114.5,112
,Allonzo Trier,Nyk,G,24.05,20,12.3,25.6,21.2,17.1,39,0.795,39,0.564,46,0.326,0.524,0.587,6,1.4,5.8,1.2,14.7,0.1,0.2,1.05,7,107.4,108.7
,P.J. Tucker,Hou,F,34.76,50,35.2,73.4,8.8,14.8,42,0.833,101,0.584,202,0.361,0.556,0.579,7.4,7.2,10.5,1.7,6,1.22,0.44,1.12,5.1,115.3,102.9
,Rayjon Tucker,Uta,G,22.37,12,6.2,12.8,14.3,12.4,5,0.6,13,0.615,6,0,0.421,0.448,1.6,0.9,8.1,0.2,3.7,0.08,0,0.25,4.3,88.2,102
,Evan Turner,Atl,G-F,31.28,19,13.2,27.6,16.3,26.2,14,0.857,62,0.403,5,0,0.373,0.424,3.3,2,8.1,2,20.7,0.47,0.42,1.37,7.2,83.2,110.3
,Myles Turner,Ind,C-F,23.87,41,29,60.5,17.9,10.8,111,0.748,211,0.54,171,0.345,0.53,0.566,11.9,6,11.5,1.1,5.4,0.73,1.93,1.27,5.9,108.2,102.1
,Jonas Valanciunas,Mem,C,27.75,48,25.9,53.9,22.2,13.4,116,0.733,449,0.621,71,0.38,0.614,0.634,15.1,10.3,21.2,1.9,11.5,0.46,1.1,1.83,10.3,118.5,101.4
,Denzel Valentine,Chi,G,26.22,30,12.2,25.4,21.8,10.7,5,1,63,0.476,101,0.356,0.512,0.52,5.8,1.9,8.5,1.1,14.9,0.67,0.17,0.67,7.5,100.2,100.1
,Jarred Vanderbilt,Den,F,20.84,9,4.6,9.6,14.6,50,0,0,7,0.714,0,0,0.714,0.714,1.1,0.9,10.6,0.2,6.6,0.33,0.11,0.78,5.1,75.7,94.2
,Fred VanVleet,Tor,G,25.95,41,35.9,74.8,21.9,11.8,151,0.828,316,0.418,280,0.396,0.501,0.545,17.6,3.9,5.7,7,28.7,1.88,0.32,2.17,8.7,112.9,102.8
,Gabe Vincent,Mia,G,23.64,2,9.3,19.4,28.5,0,0,0,2,0,10,0.3,0.375,0.375,4.5,0.5,3,0.5,8.2,0.5,0,0,4.5,81.9,107
,Noah Vonleh,Min,F,24.45,29,12,25,13.8,15.5,28,0.821,72,0.625,14,0.143,0.558,0.605,4.1,4,17.5,0.9,11,0.38,0.21,0.62,8.2,119.5,101.8
,Nikola Vucevic,Orl,C,29.29,40,31.8,66.3,26.2,7.4,108,0.787,471,0.49,191,0.346,0.498,0.525,18.6,10.8,18,3.5,19.6,0.88,0.85,1.43,11.2,110.2,100.4
,Dean Wade,Cle,F-C,23.21,9,5.6,11.6,11.4,22.3,1,0,7,0.714,3,0.667,0.8,0.766,1.8,1.7,16.6,0.1,2.9,0.22,0.33,0.33,4.8,114.2,99.6
,Moritz Wagner,Was,F-C,22.78,22,20.1,41.8,21.4,19.3,43,0.837,109,0.688,56,0.393,0.655,0.685,11.5,5.9,15.9,1.3,9.6,0.68,0.59,2,8.9,115,98.4
,Dion Waiters,Mia,G,28.16,3,14,29.2,30.9,10.2,1,0,9,0.222,17,0.471,0.538,0.53,9.3,3.7,14.6,1,12.4,0,0.67,1,9.3,94.2,97.6
,Lonnie Walker IV,San,G-F,21.15,42,13.1,27.3,20.1,9.4,46,0.717,155,0.452,57,0.421,0.5,0.527,5.8,2,8.1,0.7,7.5,0.43,0.17,0.57,6.1,102.4,106.5
,Kemba Walker,Bos,G,29.75,42,32.1,66.8,27.9,10.3,185,0.865,338,0.494,371,0.388,0.54,0.586,22,4,6.7,5,25,1.05,0.6,2.17,9.5,117.4,106.3
,Tyrone Wallace,Atl,G,25.66,14,11.5,23.9,15.9,16.3,17,0.647,29,0.448,15,0.067,0.33,0.389,2.9,1.6,7.4,0.9,10.9,0.5,0.07,0.71,5.6,79.6,105.7
,Derrick Walton Jr.,Lac,G,24.85,23,9.6,20.1,8.2,9.1,9,0.778,15,0.533,21,0.429,0.597,0.626,2.2,0.7,3.5,1,12.6,0.17,0,0.17,4.8,132.3,104.8
,Brad Wanamaker,Bos,G,30.54,49,18.7,38.9,16,16,90,0.911,177,0.452,72,0.361,0.478,0.554,6.5,2,5.7,2.7,19.1,0.69,0.22,1.12,7,111.4,101
,T.J. Warren,Ind,F,26.42,49,32.2,67,22.7,7.4,153,0.817,536,0.554,148,0.378,0.557,0.59,18.1,3.7,6.3,1.4,6.7,1.14,0.45,1.22,5.6,113.3,104.8
,P.J. Washington,Cha,F,21.46,44,30,62.4,17.9,13,107,0.664,274,0.518,148,0.399,0.546,0.567,12.1,5.4,9.8,2.1,11.1,0.91,0.84,1.59,6.9,106.3,106.1
,Yuta Watanabe,Mem,G-F,25.32,7,3.9,8.1,12.2,12.7,2,0,4,0.5,2,0.5,0.583,0.509,1,0.9,11.8,0,0,0,0.14,0.14,0,,
,Tremont Waters,Bos,G,22.07,8,8.9,18.5,22.6,21.3,6,1,12,0.667,15,0.133,0.407,0.472,3.5,0.9,5.3,1.3,19.5,0.63,0.25,1,7.2,88.1,94
,Paul Watson,Atl,G,25.1,2,8.8,18.2,16.6,0,0,0,4,0,3,0,0,0,0,1,6.2,1.5,20.7,0.5,0,0,0,26.9,111.6
,Russell Westbrook,Hou,G,31.23,42,35.9,74.9,33.6,14.7,273,0.791,762,0.504,175,0.234,0.475,0.524,26.4,8,11.5,7.4,35.6,1.67,0.36,4.33,12.9,105.8,101.5
,Coby White,Chi,G,19.97,52,23.9,49.9,23.2,11.2,85,0.729,291,0.402,272,0.346,0.458,0.481,11.1,3.4,7.7,2.2,14.4,0.71,0.08,1.46,7.3,95,107.2
,Derrick White,San,G,25.6,48,23.8,49.6,17.5,12.3,118,0.822,232,0.509,123,0.366,0.523,0.575,9.8,3.1,7,3.3,19.1,0.58,0.83,1.19,7.8,115.4,107.7
,Hassan Whiteside,Por,C,30.65,47,30.6,63.7,19.7,13.3,173,0.728,500,0.61,4,0.5,0.611,0.64,15.8,13.9,23.4,1.1,5.8,0.38,3.09,1.89,8.1,123.4,101.7
,Andrew Wiggins,Min,F,24.95,42,34.7,72.2,28,10.7,207,0.72,515,0.505,275,0.331,0.502,0.535,22.4,5.2,7.9,3.7,18.5,0.69,0.86,2.52,8.7,104.6,109.2
,Robert Williams III,Bos,C-F,22.31,19,14.1,29.5,11.3,22.5,14,0.571,49,0.673,0,0,0.673,0.671,3.9,4.6,17.5,1.1,10.6,0.95,1.11,0.84,7.7,120.7,91.5
,Nigel Williams-Goss,Uta,G,25.39,9,3.1,6.4,15.7,20.2,2,1,5,0.2,2,0,0.143,0.254,0.4,0.6,9.8,0.6,22.7,0.11,0.11,0.22,6.8,,
,Grant Williams,Bos,F,21.18,48,15.5,32.2,12.4,18.5,45,0.689,89,0.551,67,0.254,0.478,0.512,3.8,2.7,9.5,1.1,8.9,0.42,0.56,0.83,5.8,103.4,95
,Johnathan Williams,Was,F,24.71,10,13.5,28,9.6,12.8,5,0.6,23,0.696,2,0,0.64,0.643,3.5,4.3,17.4,0.6,5.8,0.1,0.6,0.4,6.2,131.2,111.5
,Kenrich Williams,Nor,G-F,25.18,35,22.3,46.4,9.2,12,24,0.375,47,0.511,96,0.26,0.43,0.43,3.8,5.1,12.1,1.5,8.5,0.71,0.6,0.6,5.5,102.1,104.6
,Lou Williams,Lac,G,33.28,48,29.8,62.1,28.8,14.3,279,0.871,483,0.441,248,0.351,0.47,0.545,19.4,3,5.2,6,30.7,0.6,0.17,2.98,9.5,108.8,107.9
,Marvin Williams,Cha,F,33.63,41,19.7,41,13.9,9.7,50,0.86,93,0.538,117,0.376,0.552,0.593,6.7,2.7,7.5,1,7.7,0.61,0.56,0.61,5.3,115,107.4
,Zion Williamson,Nor,F,19.58,7,27.1,56.5,29.3,13.3,46,0.587,88,0.557,9,0.444,0.567,0.584,19.6,8,15.5,2.1,13.5,0.57,0.29,2.57,10.2,110.7,108.6
,D.J. Wilson,Mil,F-C,23.96,26,9,18.8,16.5,12.8,7,0.714,34,0.618,45,0.244,0.475,0.487,3.1,2,10.9,0.7,9.8,0.04,0.15,0.46,7.2,96,96.7
,Justise Winslow,Mia,G-F,23.86,11,32,66.7,20.7,14.6,27,0.667,102,0.431,27,0.222,0.411,0.44,11.3,6.6,11.6,4,18.6,0.73,0.45,2.18,8.4,93.3,100.1
,Christian Wood,Det,F,24.36,49,18,37.4,21.7,12.2,169,0.74,229,0.642,85,0.376,0.621,0.663,10.5,5.3,16.7,0.7,6.2,0.47,0.86,1.1,7.5,122.4,105.3
,Delon Wright,Dal,G,27.78,49,21.1,43.9,15.1,12,71,0.789,204,0.51,87,0.379,0.527,0.563,7.4,3.9,9.7,3.2,21.3,1.12,0.33,0.9,8.6,123.1,106.3
,Thaddeus Young,Chi,F,31.63,51,23.4,48.8,19.8,13.5,58,0.586,285,0.502,168,0.339,0.504,0.513,9.6,4.6,10.7,1.8,11.8,1.16,0.29,1.47,7.3,99.5,103.6
,Trae Young,Atl,G,21.38,47,34.9,72.8,34.9,16.4,420,0.845,531,0.507,438,0.37,0.528,0.598,29.3,4.6,7,9,45.6,1.15,0.11,4.83,12.2,113,114.1
,Cody Zeller,Cha,C,27.34,48,23.1,48.2,20.9,11.7,140,0.686,340,0.574,67,0.254,0.542,0.573,11.2,7,16.6,1.5,11,0.67,0.44,1.29,8.5,114.3,103.1
,Ante Zizic,Cle,C,23.09,16,10,20.7,16.3,8.3,15,0.867,49,0.571,0,0,0.571,0.621,4.3,3.4,18.8,0.2,2.9,0.38,0.25,0.31,5.7,123.7,101.4
,Ivica Zubac,Lac,C,22.89,51,17.9,37.3,16.9,11.5,113,0.735,280,0.589,2,0,0.585,0.623,8.1,7.1,20.4,1,8,0.2,0.98,0.84,8.6,126.9,95.1